sample_name,library_ID,title,library_strategy,library_source,library_selection,library_layout,platform,instrument_model,design_description,filetype,filename,filename2,filename3,filename4,assembly,fasta_file
Wang_188088,Wang_188088,Metagenomics of intestinal permeability,WGS,METAGENOMIC,size fractionation,paired,ILLUMINA,Illumina NovaSeq 6000,Nextera XT,fastq,Wang_188088_R1.fastq.gz,Wang_188088_R2.fastq.gz,,,,
Wang_189313,Wang_189313,Metagenomics of intestinal permeability,WGS,METAGENOMIC,size fractionation,paired,ILLUMINA,Illumina NovaSeq 6000,Nextera XT,fastq,Wang_189313_R1.fastq.gz,Wang_189313_R2.fastq.gz,,,,
Wang_190296,Wang_190296,Metagenomics of intestinal permeability,WGS,METAGENOMIC,size fractionation,paired,ILLUMINA,Illumina NovaSeq 6000,Nextera XT,fastq,Wang_190296_R1.fastq.gz,Wang_190296_R2.fastq.gz,,,,
Wang_190871,Wang_190871,Metagenomics of intestinal permeability,WGS,METAGENOMIC,size fractionation,paired,ILLUMINA,Illumina NovaSeq 6000,Nextera XT,fastq,Wang_190871_R1.fastq.gz,Wang_190871_R2.fastq.gz,,,,
Wang_196259,Wang_196259,Metagenomics of intestinal permeability,WGS,METAGENOMIC,size fractionation,paired,ILLUMINA,Illumina NovaSeq 6000,Nextera XT,fastq,Wang_196259_R1.fastq.gz,Wang_196259_R2.fastq.gz,,,,
Wang_196316,Wang_196316,Metagenomics of intestinal permeability,WGS,METAGENOMIC,size fractionation,paired,ILLUMINA,Illumina NovaSeq 6000,Nextera XT,fastq,Wang_196316_R1.fastq.gz,Wang_196316_R2.fastq.gz,,,,
Wang_199202,Wang_199202,Metagenomics of intestinal permeability,WGS,METAGENOMIC,size fractionation,paired,ILLUMINA,Illumina NovaSeq 6000,Nextera XT,fastq,Wang_199202_R1.fastq.gz,Wang_199202_R2.fastq.gz,,,,
Wang_199185,Wang_199185,Metagenomics of intestinal permeability,WGS,METAGENOMIC,size fractionation,paired,ILLUMINA,Illumina NovaSeq 6000,Nextera XT,fastq,Wang_199185_R1.fastq.gz,Wang_199185_R2.fastq.gz,,,,
Wang_200510,Wang_200510,Metagenomics of intestinal permeability,WGS,METAGENOMIC,size fractionation,paired,ILLUMINA,Illumina NovaSeq 6000,Nextera XT,fastq,Wang_200510_R1.fastq.gz,Wang_200510_R2.fastq.gz,,,,
Wang_202998,Wang_202998,Metagenomics of intestinal permeability,WGS,METAGENOMIC,size fractionation,paired,ILLUMINA,Illumina NovaSeq 6000,Nextera XT,fastq,Wang_202998_R1.fastq.gz,Wang_202998_R2.fastq.gz,,,,
Wang_201647,Wang_201647,Metagenomics of intestinal permeability,WGS,METAGENOMIC,size fractionation,paired,ILLUMINA,Illumina NovaSeq 6000,Nextera XT,fastq,Wang_201647_R1.fastq.gz,Wang_201647_R2.fastq.gz,,,,
Wang_202037,Wang_202037,Metagenomics of intestinal permeability,WGS,METAGENOMIC,size fractionation,paired,ILLUMINA,Illumina NovaSeq 6000,Nextera XT,fastq,Wang_202037_R1.fastq.gz,Wang_202037_R2.fastq.gz,,,,
Wang_221441,Wang_221441,Metagenomics of intestinal permeability,WGS,METAGENOMIC,size fractionation,paired,ILLUMINA,Illumina NovaSeq 6000,Nextera XT,fastq,Wang_221441_R1.fastq.gz,Wang_221441_R2.fastq.gz,,,,
Wang_204846,Wang_204846,Metagenomics of intestinal permeability,WGS,METAGENOMIC,size fractionation,paired,ILLUMINA,Illumina NovaSeq 6000,Nextera XT,fastq,Wang_204846_R1.fastq.gz,Wang_204846_R2.fastq.gz,,,,
Wang_203531,Wang_203531,Metagenomics of intestinal permeability,WGS,METAGENOMIC,size fractionation,paired,ILLUMINA,Illumina NovaSeq 6000,Nextera XT,fastq,Wang_203531_R1.fastq.gz,Wang_203531_R2.fastq.gz,,,,
Wang_206695,Wang_206695,Metagenomics of intestinal permeability,WGS,METAGENOMIC,size fractionation,paired,ILLUMINA,Illumina NovaSeq 6000,Nextera XT,fastq,Wang_206695_R1.fastq.gz,Wang_206695_R2.fastq.gz,,,,
Wang_205629,Wang_205629,Metagenomics of intestinal permeability,WGS,METAGENOMIC,size fractionation,paired,ILLUMINA,Illumina NovaSeq 6000,Nextera XT,fastq,Wang_205629_R1.fastq.gz,Wang_205629_R2.fastq.gz,,,,
Wang_206608,Wang_206608,Metagenomics of intestinal permeability,WGS,METAGENOMIC,size fractionation,paired,ILLUMINA,Illumina NovaSeq 6000,Nextera XT,fastq,Wang_206608_R1.fastq.gz,Wang_206608_R2.fastq.gz,,,,
Wang_207160,Wang_207160,Metagenomics of intestinal permeability,WGS,METAGENOMIC,size fractionation,paired,ILLUMINA,Illumina NovaSeq 6000,Nextera XT,fastq,Wang_207160_R1.fastq.gz,Wang_207160_R2.fastq.gz,,,,
Wang_230612,Wang_230612,Metagenomics of intestinal permeability,WGS,METAGENOMIC,size fractionation,paired,ILLUMINA,Illumina NovaSeq 6000,Nextera XT,fastq,Wang_230612_R1.fastq.gz,Wang_230612_R2.fastq.gz,,,,
Wang_210100,Wang_210100,Metagenomics of intestinal permeability,WGS,METAGENOMIC,size fractionation,paired,ILLUMINA,Illumina NovaSeq 6000,Nextera XT,fastq,Wang_210100_R1.fastq.gz,Wang_210100_R2.fastq.gz,,,,
Wang_224828,Wang_224828,Metagenomics of intestinal permeability,WGS,METAGENOMIC,size fractionation,paired,ILLUMINA,Illumina NovaSeq 6000,Nextera XT,fastq,Wang_224828_R1.fastq.gz,Wang_224828_R2.fastq.gz,,,,
Wang_210303,Wang_210303,Metagenomics of intestinal permeability,WGS,METAGENOMIC,size fractionation,paired,ILLUMINA,Illumina NovaSeq 6000,Nextera XT,fastq,Wang_210303_R1.fastq.gz,Wang_210303_R2.fastq.gz,,,,
Wang_214793,Wang_214793,Metagenomics of intestinal permeability,WGS,METAGENOMIC,size fractionation,paired,ILLUMINA,Illumina NovaSeq 6000,Nextera XT,fastq,Wang_214793_R1.fastq.gz,Wang_214793_R2.fastq.gz,,,,
Wang_219771,Wang_219771,Metagenomics of intestinal permeability,WGS,METAGENOMIC,size fractionation,paired,ILLUMINA,Illumina NovaSeq 6000,Nextera XT,fastq,Wang_219771_R1.fastq.gz,Wang_219771_R2.fastq.gz,,,,
Wang_211933,Wang_211933,Metagenomics of intestinal permeability,WGS,METAGENOMIC,size fractionation,paired,ILLUMINA,Illumina NovaSeq 6000,Nextera XT,fastq,Wang_211933_R1.fastq.gz,Wang_211933_R2.fastq.gz,,,,
Wang_218465,Wang_218465,Metagenomics of intestinal permeability,WGS,METAGENOMIC,size fractionation,paired,ILLUMINA,Illumina NovaSeq 6000,Nextera XT,fastq,Wang_218465_R1.fastq.gz,Wang_218465_R2.fastq.gz,,,,
Wang_219471,Wang_219471,Metagenomics of intestinal permeability,WGS,METAGENOMIC,size fractionation,paired,ILLUMINA,Illumina NovaSeq 6000,Nextera XT,fastq,Wang_219471_R1.fastq.gz,Wang_219471_R2.fastq.gz,,,,
Wang_224827,Wang_224827,Metagenomics of intestinal permeability,WGS,METAGENOMIC,size fractionation,paired,ILLUMINA,Illumina NovaSeq 6000,Nextera XT,fastq,Wang_224827_R1.fastq.gz,Wang_224827_R2.fastq.gz,,,,
Wang_222357,Wang_222357,Metagenomics of intestinal permeability,WGS,METAGENOMIC,size fractionation,paired,ILLUMINA,Illumina NovaSeq 6000,Nextera XT,fastq,Wang_222357_R1.fastq.gz,Wang_222357_R2.fastq.gz,,,,
Wang_224952,Wang_224952,Metagenomics of intestinal permeability,WGS,METAGENOMIC,size fractionation,paired,ILLUMINA,Illumina NovaSeq 6000,Nextera XT,fastq,Wang_224952_R1.fastq.gz,Wang_224952_R2.fastq.gz,,,,
Wang_227981,Wang_227981,Metagenomics of intestinal permeability,WGS,METAGENOMIC,size fractionation,paired,ILLUMINA,Illumina NovaSeq 6000,Nextera XT,fastq,Wang_227981_R1.fastq.gz,Wang_227981_R2.fastq.gz,,,,
Wang_228872,Wang_228872,Metagenomics of intestinal permeability,WGS,METAGENOMIC,size fractionation,paired,ILLUMINA,Illumina NovaSeq 6000,Nextera XT,fastq,Wang_228872_R1.fastq.gz,Wang_228872_R2.fastq.gz,,,,
Wang_232762,Wang_232762,Metagenomics of intestinal permeability,WGS,METAGENOMIC,size fractionation,paired,ILLUMINA,Illumina NovaSeq 6000,Nextera XT,fastq,Wang_232762_R1.fastq.gz,Wang_232762_R2.fastq.gz,,,,
Wang_234159,Wang_234159,Metagenomics of intestinal permeability,WGS,METAGENOMIC,size fractionation,paired,ILLUMINA,Illumina NovaSeq 6000,Nextera XT,fastq,Wang_234159_R1.fastq.gz,Wang_234159_R2.fastq.gz,,,,
Wang_244900,Wang_244900,Metagenomics of intestinal permeability,WGS,METAGENOMIC,size fractionation,paired,ILLUMINA,Illumina NovaSeq 6000,Nextera XT,fastq,Wang_244900_R1.fastq.gz,Wang_244900_R2.fastq.gz,,,,
Wang_234523,Wang_234523,Metagenomics of intestinal permeability,WGS,METAGENOMIC,size fractionation,paired,ILLUMINA,Illumina NovaSeq 6000,Nextera XT,fastq,Wang_234523_R1.fastq.gz,Wang_234523_R2.fastq.gz,,,,
Wang_236616,Wang_236616,Metagenomics of intestinal permeability,WGS,METAGENOMIC,size fractionation,paired,ILLUMINA,Illumina NovaSeq 6000,Nextera XT,fastq,Wang_236616_R1.fastq.gz,Wang_236616_R2.fastq.gz,,,,
Wang_241934,Wang_241934,Metagenomics of intestinal permeability,WGS,METAGENOMIC,size fractionation,paired,ILLUMINA,Illumina NovaSeq 6000,Nextera XT,fastq,Wang_241934_R1.fastq.gz,Wang_241934_R2.fastq.gz,,,,
Wang_242438,Wang_242438,Metagenomics of intestinal permeability,WGS,METAGENOMIC,size fractionation,paired,ILLUMINA,Illumina NovaSeq 6000,Nextera XT,fastq,Wang_242438_R1.fastq.gz,Wang_242438_R2.fastq.gz,,,,
Wang_243703,Wang_243703,Metagenomics of intestinal permeability,WGS,METAGENOMIC,size fractionation,paired,ILLUMINA,Illumina NovaSeq 6000,Nextera XT,fastq,Wang_243703_R1.fastq.gz,Wang_243703_R2.fastq.gz,,,,
Wang_246045,Wang_246045,Metagenomics of intestinal permeability,WGS,METAGENOMIC,size fractionation,paired,ILLUMINA,Illumina NovaSeq 6000,Nextera XT,fastq,Wang_246045_R1.fastq.gz,Wang_246045_R2.fastq.gz,,,,
Wang_249903,Wang_249903,Metagenomics of intestinal permeability,WGS,METAGENOMIC,size fractionation,paired,ILLUMINA,Illumina NovaSeq 6000,Nextera XT,fastq,Wang_249903_R1.fastq.gz,Wang_249903_R2.fastq.gz,,,,
Wang_253880,Wang_253880,Metagenomics of intestinal permeability,WGS,METAGENOMIC,size fractionation,paired,ILLUMINA,Illumina NovaSeq 6000,Nextera XT,fastq,Wang_253880_R1.fastq.gz,Wang_253880_R2.fastq.gz,,,,
Wang_254308,Wang_254308,Metagenomics of intestinal permeability,WGS,METAGENOMIC,size fractionation,paired,ILLUMINA,Illumina NovaSeq 6000,Nextera XT,fastq,Wang_254308_R1.fastq.gz,Wang_254308_R2.fastq.gz,,,,
Wang_255642,Wang_255642,Metagenomics of intestinal permeability,WGS,METAGENOMIC,size fractionation,paired,ILLUMINA,Illumina NovaSeq 6000,Nextera XT,fastq,Wang_255642_R1.fastq.gz,Wang_255642_R2.fastq.gz,,,,
Wang_262426,Wang_262426,Metagenomics of intestinal permeability,WGS,METAGENOMIC,size fractionation,paired,ILLUMINA,Illumina NovaSeq 6000,Nextera XT,fastq,Wang_262426_R1.fastq.gz,Wang_262426_R2.fastq.gz,,,,
Wang_260807,Wang_260807,Metagenomics of intestinal permeability,WGS,METAGENOMIC,size fractionation,paired,ILLUMINA,Illumina NovaSeq 6000,Nextera XT,fastq,Wang_260807_R1.fastq.gz,Wang_260807_R2.fastq.gz,,,,
Wang_263769,Wang_263769,Metagenomics of intestinal permeability,WGS,METAGENOMIC,size fractionation,paired,ILLUMINA,Illumina NovaSeq 6000,Nextera XT,fastq,Wang_263769_R1.fastq.gz,Wang_263769_R2.fastq.gz,,,,
Wang_263738,Wang_263738,Metagenomics of intestinal permeability,WGS,METAGENOMIC,size fractionation,paired,ILLUMINA,Illumina NovaSeq 6000,Nextera XT,fastq,Wang_263738_R1.fastq.gz,Wang_263738_R2.fastq.gz,,,,
Wang_269258,Wang_269258,Metagenomics of intestinal permeability,WGS,METAGENOMIC,size fractionation,paired,ILLUMINA,Illumina NovaSeq 6000,Nextera XT,fastq,Wang_269258_R1.fastq.gz,Wang_269258_R2.fastq.gz,,,,
Wang_189624,Wang_189624,Metagenomics of intestinal permeability,WGS,METAGENOMIC,size fractionation,paired,ILLUMINA,Illumina NovaSeq 6000,Nextera XT,fastq,Wang_189624_R1.fastq.gz,Wang_189624_R2.fastq.gz,,,,
Wang_192110,Wang_192110,Metagenomics of intestinal permeability,WGS,METAGENOMIC,size fractionation,paired,ILLUMINA,Illumina NovaSeq 6000,Nextera XT,fastq,Wang_192110_R1.fastq.gz,Wang_192110_R2.fastq.gz,,,,
Wang_194119,Wang_194119,Metagenomics of intestinal permeability,WGS,METAGENOMIC,size fractionation,paired,ILLUMINA,Illumina NovaSeq 6000,Nextera XT,fastq,Wang_194119_R1.fastq.gz,Wang_194119_R2.fastq.gz,,,,
Wang_200351,Wang_200351,Metagenomics of intestinal permeability,WGS,METAGENOMIC,size fractionation,paired,ILLUMINA,Illumina NovaSeq 6000,Nextera XT,fastq,Wang_200351_R1.fastq.gz,Wang_200351_R2.fastq.gz,,,,
Wang_201520,Wang_201520,Metagenomics of intestinal permeability,WGS,METAGENOMIC,size fractionation,paired,ILLUMINA,Illumina NovaSeq 6000,Nextera XT,fastq,Wang_201520_R1.fastq.gz,Wang_201520_R2.fastq.gz,,,,
Wang_202748,Wang_202748,Metagenomics of intestinal permeability,WGS,METAGENOMIC,size fractionation,paired,ILLUMINA,Illumina NovaSeq 6000,Nextera XT,fastq,Wang_202748_R1.fastq.gz,Wang_202748_R2.fastq.gz,,,,
Wang_204663,Wang_204663,Metagenomics of intestinal permeability,WGS,METAGENOMIC,size fractionation,paired,ILLUMINA,Illumina NovaSeq 6000,Nextera XT,fastq,Wang_204663_R1.fastq.gz,Wang_204663_R2.fastq.gz,,,,
Wang_203649,Wang_203649,Metagenomics of intestinal permeability,WGS,METAGENOMIC,size fractionation,paired,ILLUMINA,Illumina NovaSeq 6000,Nextera XT,fastq,Wang_203649_R1.fastq.gz,Wang_203649_R2.fastq.gz,,,,
Wang_224407,Wang_224407,Metagenomics of intestinal permeability,WGS,METAGENOMIC,size fractionation,paired,ILLUMINA,Illumina NovaSeq 6000,Nextera XT,fastq,Wang_224407_R1.fastq.gz,Wang_224407_R2.fastq.gz,,,,
Wang_205710,Wang_205710,Metagenomics of intestinal permeability,WGS,METAGENOMIC,size fractionation,paired,ILLUMINA,Illumina NovaSeq 6000,Nextera XT,fastq,Wang_205710_R1.fastq.gz,Wang_205710_R2.fastq.gz,,,,
Wang_211242,Wang_211242,Metagenomics of intestinal permeability,WGS,METAGENOMIC,size fractionation,paired,ILLUMINA,Illumina NovaSeq 6000,Nextera XT,fastq,Wang_211242_R1.fastq.gz,Wang_211242_R2.fastq.gz,,,,
Wang_211239,Wang_211239,Metagenomics of intestinal permeability,WGS,METAGENOMIC,size fractionation,paired,ILLUMINA,Illumina NovaSeq 6000,Nextera XT,fastq,Wang_211239_R1.fastq.gz,Wang_211239_R2.fastq.gz,,,,
Wang_209093,Wang_209093,Metagenomics of intestinal permeability,WGS,METAGENOMIC,size fractionation,paired,ILLUMINA,Illumina NovaSeq 6000,Nextera XT,fastq,Wang_209093_R1.fastq.gz,Wang_209093_R2.fastq.gz,,,,
Wang_210101,Wang_210101,Metagenomics of intestinal permeability,WGS,METAGENOMIC,size fractionation,paired,ILLUMINA,Illumina NovaSeq 6000,Nextera XT,fastq,Wang_210101_R1.fastq.gz,Wang_210101_R2.fastq.gz,,,,
Wang_236468,Wang_236468,Metagenomics of intestinal permeability,WGS,METAGENOMIC,size fractionation,paired,ILLUMINA,Illumina NovaSeq 6000,Nextera XT,fastq,Wang_236468_R1.fastq.gz,Wang_236468_R2.fastq.gz,,,,
Wang_212584,Wang_212584,Metagenomics of intestinal permeability,WGS,METAGENOMIC,size fractionation,paired,ILLUMINA,Illumina NovaSeq 6000,Nextera XT,fastq,Wang_212584_R1.fastq.gz,Wang_212584_R2.fastq.gz,,,,
Wang_227982,Wang_227982,Metagenomics of intestinal permeability,WGS,METAGENOMIC,size fractionation,paired,ILLUMINA,Illumina NovaSeq 6000,Nextera XT,fastq,Wang_227982_R1.fastq.gz,Wang_227982_R2.fastq.gz,,,,
Wang_213144,Wang_213144,Metagenomics of intestinal permeability,WGS,METAGENOMIC,size fractionation,paired,ILLUMINA,Illumina NovaSeq 6000,Nextera XT,fastq,Wang_213144_R1.fastq.gz,Wang_213144_R2.fastq.gz,,,,
Wang_216247,Wang_216247,Metagenomics of intestinal permeability,WGS,METAGENOMIC,size fractionation,paired,ILLUMINA,Illumina NovaSeq 6000,Nextera XT,fastq,Wang_216247_R1.fastq.gz,Wang_216247_R2.fastq.gz,,,,
Wang_222272,Wang_222272,Metagenomics of intestinal permeability,WGS,METAGENOMIC,size fractionation,paired,ILLUMINA,Illumina NovaSeq 6000,Nextera XT,fastq,Wang_222272_R1.fastq.gz,Wang_222272_R2.fastq.gz,,,,
Wang_213682,Wang_213682,Metagenomics of intestinal permeability,WGS,METAGENOMIC,size fractionation,paired,ILLUMINA,Illumina NovaSeq 6000,Nextera XT,fastq,Wang_213682_R1.fastq.gz,Wang_213682_R2.fastq.gz,,,,
Wang_219174,Wang_219174,Metagenomics of intestinal permeability,WGS,METAGENOMIC,size fractionation,paired,ILLUMINA,Illumina NovaSeq 6000,Nextera XT,fastq,Wang_219174_R1.fastq.gz,Wang_219174_R2.fastq.gz,,,,
Wang_223646,Wang_223646,Metagenomics of intestinal permeability,WGS,METAGENOMIC,size fractionation,paired,ILLUMINA,Illumina NovaSeq 6000,Nextera XT,fastq,Wang_223646_R1.fastq.gz,Wang_223646_R2.fastq.gz,,,,
Wang_226839,Wang_226839,Metagenomics of intestinal permeability,WGS,METAGENOMIC,size fractionation,paired,ILLUMINA,Illumina NovaSeq 6000,Nextera XT,fastq,Wang_226839_R1.fastq.gz,Wang_226839_R2.fastq.gz,,,,
Wang_223698,Wang_223698,Metagenomics of intestinal permeability,WGS,METAGENOMIC,size fractionation,paired,ILLUMINA,Illumina NovaSeq 6000,Nextera XT,fastq,Wang_223698_R1.fastq.gz,Wang_223698_R2.fastq.gz,,,,
Wang_228113,Wang_228113,Metagenomics of intestinal permeability,WGS,METAGENOMIC,size fractionation,paired,ILLUMINA,Illumina NovaSeq 6000,Nextera XT,fastq,Wang_228113_R1.fastq.gz,Wang_228113_R2.fastq.gz,,,,
Wang_228618,Wang_228618,Metagenomics of intestinal permeability,WGS,METAGENOMIC,size fractionation,paired,ILLUMINA,Illumina NovaSeq 6000,Nextera XT,fastq,Wang_228618_R1.fastq.gz,Wang_228618_R2.fastq.gz,,,,
Wang_230200,Wang_230200,Metagenomics of intestinal permeability,WGS,METAGENOMIC,size fractionation,paired,ILLUMINA,Illumina NovaSeq 6000,Nextera XT,fastq,Wang_230200_R1.fastq.gz,Wang_230200_R2.fastq.gz,,,,
Wang_236945,Wang_236945,Metagenomics of intestinal permeability,WGS,METAGENOMIC,size fractionation,paired,ILLUMINA,Illumina NovaSeq 6000,Nextera XT,fastq,Wang_236945_R1.fastq.gz,Wang_236945_R2.fastq.gz,,,,
Wang_238013,Wang_238013,Metagenomics of intestinal permeability,WGS,METAGENOMIC,size fractionation,paired,ILLUMINA,Illumina NovaSeq 6000,Nextera XT,fastq,Wang_238013_R1.fastq.gz,Wang_238013_R2.fastq.gz,,,,
Wang_246457,Wang_246457,Metagenomics of intestinal permeability,WGS,METAGENOMIC,size fractionation,paired,ILLUMINA,Illumina NovaSeq 6000,Nextera XT,fastq,Wang_246457_R1.fastq.gz,Wang_246457_R2.fastq.gz,,,,
Wang_242780,Wang_242780,Metagenomics of intestinal permeability,WGS,METAGENOMIC,size fractionation,paired,ILLUMINA,Illumina NovaSeq 6000,Nextera XT,fastq,Wang_242780_R1.fastq.gz,Wang_242780_R2.fastq.gz,,,,
Wang_245613,Wang_245613,Metagenomics of intestinal permeability,WGS,METAGENOMIC,size fractionation,paired,ILLUMINA,Illumina NovaSeq 6000,Nextera XT,fastq,Wang_245613_R1.fastq.gz,Wang_245613_R2.fastq.gz,,,,
Wang_247452,Wang_247452,Metagenomics of intestinal permeability,WGS,METAGENOMIC,size fractionation,paired,ILLUMINA,Illumina NovaSeq 6000,Nextera XT,fastq,Wang_247452_R1.fastq.gz,Wang_247452_R2.fastq.gz,,,,
Wang_255059,Wang_255059,Metagenomics of intestinal permeability,WGS,METAGENOMIC,size fractionation,paired,ILLUMINA,Illumina NovaSeq 6000,Nextera XT,fastq,Wang_255059_R1.fastq.gz,Wang_255059_R2.fastq.gz,,,,
Wang_255425,Wang_255425,Metagenomics of intestinal permeability,WGS,METAGENOMIC,size fractionation,paired,ILLUMINA,Illumina NovaSeq 6000,Nextera XT,fastq,Wang_255425_R1.fastq.gz,Wang_255425_R2.fastq.gz,,,,
Wang_257110,Wang_257110,Metagenomics of intestinal permeability,WGS,METAGENOMIC,size fractionation,paired,ILLUMINA,Illumina NovaSeq 6000,Nextera XT,fastq,Wang_257110_R1.fastq.gz,Wang_257110_R2.fastq.gz,,,,
Wang_262958,Wang_262958,Metagenomics of intestinal permeability,WGS,METAGENOMIC,size fractionation,paired,ILLUMINA,Illumina NovaSeq 6000,Nextera XT,fastq,Wang_262958_R1.fastq.gz,Wang_262958_R2.fastq.gz,,,,
Wang_263273,Wang_263273,Metagenomics of intestinal permeability,WGS,METAGENOMIC,size fractionation,paired,ILLUMINA,Illumina NovaSeq 6000,Nextera XT,fastq,Wang_263273_R1.fastq.gz,Wang_263273_R2.fastq.gz,,,,
Wang_266728,Wang_266728,Metagenomics of intestinal permeability,WGS,METAGENOMIC,size fractionation,paired,ILLUMINA,Illumina NovaSeq 6000,Nextera XT,fastq,Wang_266728_R1.fastq.gz,Wang_266728_R2.fastq.gz,,,,
Wang_271398,Wang_271398,Metagenomics of intestinal permeability,WGS,METAGENOMIC,size fractionation,paired,ILLUMINA,Illumina NovaSeq 6000,Nextera XT,fastq,Wang_271398_R1.fastq.gz,Wang_271398_R2.fastq.gz,,,,
Wang_192113,Wang_192113,Metagenomics of intestinal permeability,WGS,METAGENOMIC,size fractionation,paired,ILLUMINA,Illumina NovaSeq 6000,Nextera XT,fastq,Wang_192113_R1.fastq.gz,Wang_192113_R2.fastq.gz,,,,
Wang_195955,Wang_195955,Metagenomics of intestinal permeability,WGS,METAGENOMIC,size fractionation,paired,ILLUMINA,Illumina NovaSeq 6000,Nextera XT,fastq,Wang_195955_R1.fastq.gz,Wang_195955_R2.fastq.gz,,,,
Wang_200367,Wang_200367,Metagenomics of intestinal permeability,WGS,METAGENOMIC,size fractionation,paired,ILLUMINA,Illumina NovaSeq 6000,Nextera XT,fastq,Wang_200367_R1.fastq.gz,Wang_200367_R2.fastq.gz,,,,
Wang_206882,Wang_206882,Metagenomics of intestinal permeability,WGS,METAGENOMIC,size fractionation,paired,ILLUMINA,Illumina NovaSeq 6000,Nextera XT,fastq,Wang_206882_R1.fastq.gz,Wang_206882_R2.fastq.gz,,,,
Wang_204117,Wang_204117,Metagenomics of intestinal permeability,WGS,METAGENOMIC,size fractionation,paired,ILLUMINA,Illumina NovaSeq 6000,Nextera XT,fastq,Wang_204117_R1.fastq.gz,Wang_204117_R2.fastq.gz,,,,
Wang_206322,Wang_206322,Metagenomics of intestinal permeability,WGS,METAGENOMIC,size fractionation,paired,ILLUMINA,Illumina NovaSeq 6000,Nextera XT,fastq,Wang_206322_R1.fastq.gz,Wang_206322_R2.fastq.gz,,,,
Wang_208090,Wang_208090,Metagenomics of intestinal permeability,WGS,METAGENOMIC,size fractionation,paired,ILLUMINA,Illumina NovaSeq 6000,Nextera XT,fastq,Wang_208090_R1.fastq.gz,Wang_208090_R2.fastq.gz,,,,
Wang_204613,Wang_204613,Metagenomics of intestinal permeability,WGS,METAGENOMIC,size fractionation,paired,ILLUMINA,Illumina NovaSeq 6000,Nextera XT,fastq,Wang_204613_R1.fastq.gz,Wang_204613_R2.fastq.gz,,,,
Wang_211342,Wang_211342,Metagenomics of intestinal permeability,WGS,METAGENOMIC,size fractionation,paired,ILLUMINA,Illumina NovaSeq 6000,Nextera XT,fastq,Wang_211342_R1.fastq.gz,Wang_211342_R2.fastq.gz,,,,
Wang_212722,Wang_212722,Metagenomics of intestinal permeability,WGS,METAGENOMIC,size fractionation,paired,ILLUMINA,Illumina NovaSeq 6000,Nextera XT,fastq,Wang_212722_R1.fastq.gz,Wang_212722_R2.fastq.gz,,,,
Wang_210678,Wang_210678,Metagenomics of intestinal permeability,WGS,METAGENOMIC,size fractionation,paired,ILLUMINA,Illumina NovaSeq 6000,Nextera XT,fastq,Wang_210678_R1.fastq.gz,Wang_210678_R2.fastq.gz,,,,
Wang_238944,Wang_238944,Metagenomics of intestinal permeability,WGS,METAGENOMIC,size fractionation,paired,ILLUMINA,Illumina NovaSeq 6000,Nextera XT,fastq,Wang_238944_R1.fastq.gz,Wang_238944_R2.fastq.gz,,,,
Wang_233900,Wang_233900,Metagenomics of intestinal permeability,WGS,METAGENOMIC,size fractionation,paired,ILLUMINA,Illumina NovaSeq 6000,Nextera XT,fastq,Wang_233900_R1.fastq.gz,Wang_233900_R2.fastq.gz,,,,
Wang_215020,Wang_215020,Metagenomics of intestinal permeability,WGS,METAGENOMIC,size fractionation,paired,ILLUMINA,Illumina NovaSeq 6000,Nextera XT,fastq,Wang_215020_R1.fastq.gz,Wang_215020_R2.fastq.gz,,,,
Wang_224632,Wang_224632,Metagenomics of intestinal permeability,WGS,METAGENOMIC,size fractionation,paired,ILLUMINA,Illumina NovaSeq 6000,Nextera XT,fastq,Wang_224632_R1.fastq.gz,Wang_224632_R2.fastq.gz,,,,
Wang_216259,Wang_216259,Metagenomics of intestinal permeability,WGS,METAGENOMIC,size fractionation,paired,ILLUMINA,Illumina NovaSeq 6000,Nextera XT,fastq,Wang_216259_R1.fastq.gz,Wang_216259_R2.fastq.gz,,,,
Wang_223097,Wang_223097,Metagenomics of intestinal permeability,WGS,METAGENOMIC,size fractionation,paired,ILLUMINA,Illumina NovaSeq 6000,Nextera XT,fastq,Wang_223097_R1.fastq.gz,Wang_223097_R2.fastq.gz,,,,
Wang_228671,Wang_228671,Metagenomics of intestinal permeability,WGS,METAGENOMIC,size fractionation,paired,ILLUMINA,Illumina NovaSeq 6000,Nextera XT,fastq,Wang_228671_R1.fastq.gz,Wang_228671_R2.fastq.gz,,,,
Wang_230577,Wang_230577,Metagenomics of intestinal permeability,WGS,METAGENOMIC,size fractionation,paired,ILLUMINA,Illumina NovaSeq 6000,Nextera XT,fastq,Wang_230577_R1.fastq.gz,Wang_230577_R2.fastq.gz,,,,
Wang_227773,Wang_227773,Metagenomics of intestinal permeability,WGS,METAGENOMIC,size fractionation,paired,ILLUMINA,Illumina NovaSeq 6000,Nextera XT,fastq,Wang_227773_R1.fastq.gz,Wang_227773_R2.fastq.gz,,,,
Wang_230151,Wang_230151,Metagenomics of intestinal permeability,WGS,METAGENOMIC,size fractionation,paired,ILLUMINA,Illumina NovaSeq 6000,Nextera XT,fastq,Wang_230151_R1.fastq.gz,Wang_230151_R2.fastq.gz,,,,
Wang_231301,Wang_231301,Metagenomics of intestinal permeability,WGS,METAGENOMIC,size fractionation,paired,ILLUMINA,Illumina NovaSeq 6000,Nextera XT,fastq,Wang_231301_R1.fastq.gz,Wang_231301_R2.fastq.gz,,,,
Wang_232697,Wang_232697,Metagenomics of intestinal permeability,WGS,METAGENOMIC,size fractionation,paired,ILLUMINA,Illumina NovaSeq 6000,Nextera XT,fastq,Wang_232697_R1.fastq.gz,Wang_232697_R2.fastq.gz,,,,
Wang_233678,Wang_233678,Metagenomics of intestinal permeability,WGS,METAGENOMIC,size fractionation,paired,ILLUMINA,Illumina NovaSeq 6000,Nextera XT,fastq,Wang_233678_R1.fastq.gz,Wang_233678_R2.fastq.gz,,,,
Wang_240127,Wang_240127,Metagenomics of intestinal permeability,WGS,METAGENOMIC,size fractionation,paired,ILLUMINA,Illumina NovaSeq 6000,Nextera XT,fastq,Wang_240127_R1.fastq.gz,Wang_240127_R2.fastq.gz,,,,
Wang_240220,Wang_240220,Metagenomics of intestinal permeability,WGS,METAGENOMIC,size fractionation,paired,ILLUMINA,Illumina NovaSeq 6000,Nextera XT,fastq,Wang_240220_R1.fastq.gz,Wang_240220_R2.fastq.gz,,,,
Wang_247798,Wang_247798,Metagenomics of intestinal permeability,WGS,METAGENOMIC,size fractionation,paired,ILLUMINA,Illumina NovaSeq 6000,Nextera XT,fastq,Wang_247798_R1.fastq.gz,Wang_247798_R2.fastq.gz,,,,
Wang_250583,Wang_250583,Metagenomics of intestinal permeability,WGS,METAGENOMIC,size fractionation,paired,ILLUMINA,Illumina NovaSeq 6000,Nextera XT,fastq,Wang_250583_R1.fastq.gz,Wang_250583_R2.fastq.gz,,,,
Wang_247801,Wang_247801,Metagenomics of intestinal permeability,WGS,METAGENOMIC,size fractionation,paired,ILLUMINA,Illumina NovaSeq 6000,Nextera XT,fastq,Wang_247801_R1.fastq.gz,Wang_247801_R2.fastq.gz,,,,
Wang_249103,Wang_249103,Metagenomics of intestinal permeability,WGS,METAGENOMIC,size fractionation,paired,ILLUMINA,Illumina NovaSeq 6000,Nextera XT,fastq,Wang_249103_R1.fastq.gz,Wang_249103_R2.fastq.gz,,,,
Wang_257712,Wang_257712,Metagenomics of intestinal permeability,WGS,METAGENOMIC,size fractionation,paired,ILLUMINA,Illumina NovaSeq 6000,Nextera XT,fastq,Wang_257712_R1.fastq.gz,Wang_257712_R2.fastq.gz,,,,
Wang_263787,Wang_263787,Metagenomics of intestinal permeability,WGS,METAGENOMIC,size fractionation,paired,ILLUMINA,Illumina NovaSeq 6000,Nextera XT,fastq,Wang_263787_R1.fastq.gz,Wang_263787_R2.fastq.gz,,,,
Wang_263650,Wang_263650,Metagenomics of intestinal permeability,WGS,METAGENOMIC,size fractionation,paired,ILLUMINA,Illumina NovaSeq 6000,Nextera XT,fastq,Wang_263650_R1.fastq.gz,Wang_263650_R2.fastq.gz,,,,
Wang_274957,Wang_274957,Metagenomics of intestinal permeability,WGS,METAGENOMIC,size fractionation,paired,ILLUMINA,Illumina NovaSeq 6000,Nextera XT,fastq,Wang_274957_R1.fastq.gz,Wang_274957_R2.fastq.gz,,,,
Wang_272490,Wang_272490,Metagenomics of intestinal permeability,WGS,METAGENOMIC,size fractionation,paired,ILLUMINA,Illumina NovaSeq 6000,Nextera XT,fastq,Wang_272490_R1.fastq.gz,Wang_272490_R2.fastq.gz,,,,
Wang_272635,Wang_272635,Metagenomics of intestinal permeability,WGS,METAGENOMIC,size fractionation,paired,ILLUMINA,Illumina NovaSeq 6000,Nextera XT,fastq,Wang_272635_R1.fastq.gz,Wang_272635_R2.fastq.gz,,,,
Wang_275429,Wang_275429,Metagenomics of intestinal permeability,WGS,METAGENOMIC,size fractionation,paired,ILLUMINA,Illumina NovaSeq 6000,Nextera XT,fastq,Wang_275429_R1.fastq.gz,Wang_275429_R2.fastq.gz,,,,
Wang_276719,Wang_276719,Metagenomics of intestinal permeability,WGS,METAGENOMIC,size fractionation,paired,ILLUMINA,Illumina NovaSeq 6000,Nextera XT,fastq,Wang_276719_R1.fastq.gz,Wang_276719_R2.fastq.gz,,,,
Wang_277518,Wang_277518,Metagenomics of intestinal permeability,WGS,METAGENOMIC,size fractionation,paired,ILLUMINA,Illumina NovaSeq 6000,Nextera XT,fastq,Wang_277518_R1.fastq.gz,Wang_277518_R2.fastq.gz,,,,
Wang_277440,Wang_277440,Metagenomics of intestinal permeability,WGS,METAGENOMIC,size fractionation,paired,ILLUMINA,Illumina NovaSeq 6000,Nextera XT,fastq,Wang_277440_R1.fastq.gz,Wang_277440_R2.fastq.gz,,,,
Wang_277681,Wang_277681,Metagenomics of intestinal permeability,WGS,METAGENOMIC,size fractionation,paired,ILLUMINA,Illumina NovaSeq 6000,Nextera XT,fastq,Wang_277681_R1.fastq.gz,Wang_277681_R2.fastq.gz,,,,
Wang_277519,Wang_277519,Metagenomics of intestinal permeability,WGS,METAGENOMIC,size fractionation,paired,ILLUMINA,Illumina NovaSeq 6000,Nextera XT,fastq,Wang_277519_R1.fastq.gz,Wang_277519_R2.fastq.gz,,,,
Wang_279516,Wang_279516,Metagenomics of intestinal permeability,WGS,METAGENOMIC,size fractionation,paired,ILLUMINA,Illumina NovaSeq 6000,Nextera XT,fastq,Wang_279516_R1.fastq.gz,Wang_279516_R2.fastq.gz,,,,
Wang_281203,Wang_281203,Metagenomics of intestinal permeability,WGS,METAGENOMIC,size fractionation,paired,ILLUMINA,Illumina NovaSeq 6000,Nextera XT,fastq,Wang_281203_R1.fastq.gz,Wang_281203_R2.fastq.gz,,,,
Wang_282050,Wang_282050,Metagenomics of intestinal permeability,WGS,METAGENOMIC,size fractionation,paired,ILLUMINA,Illumina NovaSeq 6000,Nextera XT,fastq,Wang_282050_R1.fastq.gz,Wang_282050_R2.fastq.gz,,,,
Wang_283832,Wang_283832,Metagenomics of intestinal permeability,WGS,METAGENOMIC,size fractionation,paired,ILLUMINA,Illumina NovaSeq 6000,Nextera XT,fastq,Wang_283832_R1.fastq.gz,Wang_283832_R2.fastq.gz,,,,
Wang_287203,Wang_287203,Metagenomics of intestinal permeability,WGS,METAGENOMIC,size fractionation,paired,ILLUMINA,Illumina NovaSeq 6000,Nextera XT,fastq,Wang_287203_R1.fastq.gz,Wang_287203_R2.fastq.gz,,,,
Wang_287993,Wang_287993,Metagenomics of intestinal permeability,WGS,METAGENOMIC,size fractionation,paired,ILLUMINA,Illumina NovaSeq 6000,Nextera XT,fastq,Wang_287993_R1.fastq.gz,Wang_287993_R2.fastq.gz,,,,
Wang_291278,Wang_291278,Metagenomics of intestinal permeability,WGS,METAGENOMIC,size fractionation,paired,ILLUMINA,Illumina NovaSeq 6000,Nextera XT,fastq,Wang_291278_R1.fastq.gz,Wang_291278_R2.fastq.gz,,,,
Wang_291954,Wang_291954,Metagenomics of intestinal permeability,WGS,METAGENOMIC,size fractionation,paired,ILLUMINA,Illumina NovaSeq 6000,Nextera XT,fastq,Wang_291954_R1.fastq.gz,Wang_291954_R2.fastq.gz,,,,
Wang_291940,Wang_291940,Metagenomics of intestinal permeability,WGS,METAGENOMIC,size fractionation,paired,ILLUMINA,Illumina NovaSeq 6000,Nextera XT,fastq,Wang_291940_R1.fastq.gz,Wang_291940_R2.fastq.gz,,,,
Wang_292735,Wang_292735,Metagenomics of intestinal permeability,WGS,METAGENOMIC,size fractionation,paired,ILLUMINA,Illumina NovaSeq 6000,Nextera XT,fastq,Wang_292735_R1.fastq.gz,Wang_292735_R2.fastq.gz,,,,
Wang_292826,Wang_292826,Metagenomics of intestinal permeability,WGS,METAGENOMIC,size fractionation,paired,ILLUMINA,Illumina NovaSeq 6000,Nextera XT,fastq,Wang_292826_R1.fastq.gz,Wang_292826_R2.fastq.gz,,,,
Wang_293630,Wang_293630,Metagenomics of intestinal permeability,WGS,METAGENOMIC,size fractionation,paired,ILLUMINA,Illumina NovaSeq 6000,Nextera XT,fastq,Wang_293630_R1.fastq.gz,Wang_293630_R2.fastq.gz,,,,
Wang_296286,Wang_296286,Metagenomics of intestinal permeability,WGS,METAGENOMIC,size fractionation,paired,ILLUMINA,Illumina NovaSeq 6000,Nextera XT,fastq,Wang_296286_R1.fastq.gz,Wang_296286_R2.fastq.gz,,,,
Wang_298183,Wang_298183,Metagenomics of intestinal permeability,WGS,METAGENOMIC,size fractionation,paired,ILLUMINA,Illumina NovaSeq 6000,Nextera XT,fastq,Wang_298183_R1.fastq.gz,Wang_298183_R2.fastq.gz,,,,
Wang_286967,Wang_286967,Metagenomics of intestinal permeability,WGS,METAGENOMIC,size fractionation,paired,ILLUMINA,Illumina NovaSeq 6000,Nextera XT,fastq,Wang_286967_R1.fastq.gz,Wang_286967_R2.fastq.gz,,,,
