sample_name,organism,host,isolation_source,collection_date,project_title,geo_loc_name,lat_lon,project_title,library_strategy,library_source,library_selection,library_layout,platform,instrument_model,design_description,filetype,assembly,filename,filename2,filename3,filename4,filename5,filename6,filename7,filename8
317_2,metagenome,Homo sapiens,stool,7/24/2017,Khandelwal Viromics Study,"USA: Ohio, Cincinnati",39.10 N 84.51 W,Metagenome-Human-Stool,WGS,METAGENOMIC,size fractionation,paired,ILLUMINA,NovaSeq 6000,SMARTeR Pico Mammalian,fastq,,317_2_R1.fastq.gz,317_2_R2.fastq.gz,,,,,,
317_3,metagenome,Homo sapiens,stool,5/22/2017,Khandelwal Viromics Study,"USA: Ohio, Cincinnati",39.10 N 84.51 W,Metagenome-Mouse-Stool,WGS,METAGENOMIC,size fractionation,paired,ILLUMINA,NovaSeq 6000,SMARTeR Pico Mammalian,fastq,,317_3_R1.fastq.gz,317_3_R2.fastq.gz,,,,,,
344_1,metagenome,Homo sapiens,stool,7/20/2017,Khandelwal Viromics Study,"USA: Ohio, Cincinnati",39.10 N 84.51 W,Metagenome-Mouse-Stool,WGS,METAGENOMIC,size fractionation,paired,ILLUMINA,NovaSeq 6000,SMARTeR Pico Mammalian,fastq,,344_1_R1.fastq.gz,344_1_R2.fastq.gz,,,,,,
344_2,metagenome,Homo sapiens,stool,6/22/2017,Khandelwal Viromics Study,"USA: Ohio, Cincinnati",39.10 N 84.51 W,Metagenome-Mouse-Stool,WGS,METAGENOMIC,size fractionation,paired,ILLUMINA,NovaSeq 6000,SMARTeR Pico Mammalian,fastq,,344_2_R1.fastq.gz,344_2_R2.fastq.gz,,,,,,
344_3,metagenome,Homo sapiens,stool,1/31/2017,Khandelwal Viromics Study,"USA: Ohio, Cincinnati",39.10 N 84.51 W,Metagenome-Mouse-Stool,WGS,METAGENOMIC,size fractionation,paired,ILLUMINA,NovaSeq 6000,SMARTeR Pico Mammalian,fastq,,344_3_R1.fastq.gz,344_3_R2.fastq.gz,,,,,,
510_1,metagenome,Homo sapiens,stool,7/20/2017,Khandelwal Viromics Study,"USA: Ohio, Cincinnati",39.10 N 84.51 W,Metagenome-Mouse-Stool,WGS,METAGENOMIC,size fractionation,paired,ILLUMINA,NovaSeq 6000,SMARTeR Pico Mammalian,fastq,,510_1_R1.fastq.gz,510_1_R2.fastq.gz,,,,,,
510_2,metagenome,Homo sapiens,stool,11/29/2017,Khandelwal Viromics Study,"USA: Ohio, Cincinnati",39.10 N 84.51 W,Metagenome-Mouse-Stool,WGS,METAGENOMIC,size fractionation,paired,ILLUMINA,NovaSeq 6000,SMARTeR Pico Mammalian,fastq,,510_2_R1.fastq.gz,510_2_R2.fastq.gz,,,,,,
510_3,metagenome,Homo sapiens,stool,2/5/2017,Khandelwal Viromics Study,"USA: Ohio, Cincinnati",39.10 N 84.51 W,Metagenome-Human-Stool,WGS,METAGENOMIC,size fractionation,paired,ILLUMINA,NovaSeq 6000,SMARTeR Pico Mammalian,fastq,,510_3_R1.fastq.gz,510_3_R2.fastq.gz,,,,,,
550_1,metagenome,Homo sapiens,stool,8/6/2017,Khandelwal Viromics Study,"USA: Ohio, Cincinnati",39.10 N 84.51 W,Metagenome-Human-Stool,WGS,METAGENOMIC,size fractionation,paired,ILLUMINA,NovaSeq 6000,SMARTeR Pico Mammalian,fastq,,550_1_R1.fastq.gz,550_1_R2.fastq.gz,,,,,,
550_2,metagenome,Homo sapiens,stool,11/29/2017,Khandelwal Viromics Study,"USA: Ohio, Cincinnati",39.10 N 84.51 W,Metagenome-Human-Stool,WGS,METAGENOMIC,size fractionation,paired,ILLUMINA,NovaSeq 6000,SMARTeR Pico Mammalian,fastq,,550_2_R1.fastq.gz,550_2_R2.fastq.gz,,,,,,
550_3,metagenome,Homo sapiens,stool,2/28/2017,Khandelwal Viromics Study,"USA: Ohio, Cincinnati",39.10 N 84.51 W,Metagenome-Human-Stool,WGS,METAGENOMIC,size fractionation,paired,ILLUMINA,NovaSeq 6000,SMARTeR Pico Mammalian,fastq,,550_3_R1.fastq.gz,550_3_R2.fastq.gz,,,,,,
550_4,metagenome,Homo sapiens,stool,8/8/2017,Khandelwal Viromics Study,"USA: Ohio, Cincinnati",39.10 N 84.51 W,Metagenome-Human-Stool,WGS,METAGENOMIC,size fractionation,paired,ILLUMINA,NovaSeq 6000,SMARTeR Pico Mammalian,fastq,,550_4_R1.fastq.gz,550_4_R2.fastq.gz,,,,,,
552_1,metagenome,Homo sapiens,stool,11/21/2017,Khandelwal Viromics Study,"USA: Ohio, Cincinnati",39.10 N 84.51 W,Metagenome-Human-Stool,WGS,METAGENOMIC,size fractionation,paired,ILLUMINA,NovaSeq 6000,SMARTeR Pico Mammalian,fastq,,552_1_R1.fastq.gz,552_1_R2.fastq.gz,,,,,,
552_2,metagenome,Homo sapiens,stool,2/19/2017,Khandelwal Viromics Study,"USA: Ohio, Cincinnati",39.10 N 84.51 W,Metagenome-Human-Stool,WGS,METAGENOMIC,size fractionation,paired,ILLUMINA,NovaSeq 6000,SMARTeR Pico Mammalian,fastq,,552_2_R1.fastq.gz,552_2_R2.fastq.gz,,,,,,
552_3,metagenome,Homo sapiens,stool,8/1/2017,Khandelwal Viromics Study,"USA: Ohio, Cincinnati",39.10 N 84.51 W,Metagenome-Human-Stool,WGS,METAGENOMIC,size fractionation,paired,ILLUMINA,NovaSeq 6000,SMARTeR Pico Mammalian,fastq,,552_3_R1.fastq.gz,552_3_R2.fastq.gz,,,,,,
552_4,metagenome,Homo sapiens,stool,10/24/2017,Khandelwal Viromics Study,"USA: Ohio, Cincinnati",39.10 N 84.51 W,Metagenome-Human-Stool,WGS,METAGENOMIC,size fractionation,paired,ILLUMINA,NovaSeq 6000,SMARTeR Pico Mammalian,fastq,,552_4_R1.fastq.gz,552_4_R2.fastq.gz,,,,,,
554_1,metagenome,Homo sapiens,stool,2/23/2017,Khandelwal Viromics Study,"USA: Ohio, Cincinnati",39.10 N 84.51 W,Metagenome-Human-Stool,WGS,METAGENOMIC,size fractionation,paired,ILLUMINA,NovaSeq 6000,SMARTeR Pico Mammalian,fastq,,554_1_R1.fastq.gz,554_1_R2.fastq.gz,,,,,,
554_2,metagenome,Homo sapiens,stool,8/1/2017,Khandelwal Viromics Study,"USA: Ohio, Cincinnati",39.10 N 84.51 W,Metagenome-Human-Stool,WGS,METAGENOMIC,size fractionation,paired,ILLUMINA,NovaSeq 6000,SMARTeR Pico Mammalian,fastq,,554_2_R1.fastq.gz,554_2_R2.fastq.gz,,,,,,
554_3,metagenome,Homo sapiens,stool,3/5/2017,Khandelwal Viromics Study,"USA: Ohio, Cincinnati",39.10 N 84.51 W,Metagenome-Human-Stool,WGS,METAGENOMIC,size fractionation,paired,ILLUMINA,NovaSeq 6000,SMARTeR Pico Mammalian,fastq,,554_3_R1.fastq.gz,554_3_R2.fastq.gz,,,,,,
554_4,metagenome,Homo sapiens,stool,7/31/2017,Khandelwal Viromics Study,"USA: Ohio, Cincinnati",39.10 N 84.51 W,Metagenome-Human-Stool,WGS,METAGENOMIC,size fractionation,paired,ILLUMINA,NovaSeq 6000,SMARTeR Pico Mammalian,fastq,,554_4_R1.fastq.gz,554_4_R2.fastq.gz,,,,,,
562_1,metagenome,Homo sapiens,stool,11/2/2017,Khandelwal Viromics Study,"USA: Ohio, Cincinnati",39.10 N 84.51 W,Metagenome-Human-Stool,WGS,METAGENOMIC,size fractionation,paired,ILLUMINA,NovaSeq 6000,SMARTeR Pico Mammalian,fastq,,562_1_R1.fastq.gz,562_1_R2.fastq.gz,,,,,,
562_2,metagenome,Homo sapiens,stool,1/22/2017,Khandelwal Viromics Study,"USA: Ohio, Cincinnati",39.10 N 84.51 W,Metagenome-Human-Stool,WGS,METAGENOMIC,size fractionation,paired,ILLUMINA,NovaSeq 6000,SMARTeR Pico Mammalian,fastq,,562_2_R1.fastq.gz,562_2_R2.fastq.gz,,,,,,
562_3,metagenome,Homo sapiens,stool,7/26/2017,Khandelwal Viromics Study,"USA: Ohio, Cincinnati",39.10 N 84.51 W,Metagenome-Human-Stool,WGS,METAGENOMIC,size fractionation,paired,ILLUMINA,NovaSeq 6000,SMARTeR Pico Mammalian,fastq,,562_3_R1.fastq.gz,562_3_R2.fastq.gz,,,,,,
565_1,metagenome,Homo sapiens,stool,11/2/2017,Khandelwal Viromics Study,"USA: Ohio, Cincinnati",39.10 N 84.51 W,Metagenome-Human-Stool,WGS,METAGENOMIC,size fractionation,paired,ILLUMINA,NovaSeq 6000,SMARTeR Pico Mammalian,fastq,,565_1_R1.fastq.gz,565_1_R2.fastq.gz,,,,,,
565_2,metagenome,Homo sapiens,stool,1/24/2017,Khandelwal Viromics Study,"USA: Ohio, Cincinnati",39.10 N 84.51 W,Metagenome-Human-Stool,WGS,METAGENOMIC,size fractionation,paired,ILLUMINA,NovaSeq 6000,SMARTeR Pico Mammalian,fastq,,565_2_R1.fastq.gz,565_2_R2.fastq.gz,,,,,,
565_3,metagenome,Homo sapiens,stool,7/24/2017,Khandelwal Viromics Study,"USA: Ohio, Cincinnati",39.10 N 84.51 W,Metagenome-Human-Stool,WGS,METAGENOMIC,size fractionation,paired,ILLUMINA,NovaSeq 6000,SMARTeR Pico Mammalian,fastq,,565_3_R1.fastq.gz,565_3_R2.fastq.gz,,,,,,
579_1,metagenome,Homo sapiens,stool,11/5/2017,Khandelwal Viromics Study,"USA: Ohio, Cincinnati",39.10 N 84.51 W,Metagenome-Human-Stool,WGS,METAGENOMIC,size fractionation,paired,ILLUMINA,NovaSeq 6000,SMARTeR Pico Mammalian,fastq,,579_1_R1.fastq.gz,579_1_R2.fastq.gz,,,,,,
579_2,metagenome,Homo sapiens,stool,1/29/2017,Khandelwal Viromics Study,"USA: Ohio, Cincinnati",39.10 N 84.51 W,Metagenome-Human-Stool,WGS,METAGENOMIC,size fractionation,paired,ILLUMINA,NovaSeq 6000,SMARTeR Pico Mammalian,fastq,,579_2_R1.fastq.gz,579_2_R2.fastq.gz,,,,,,
579_3,metagenome,Homo sapiens,stool,7/24/2017,Khandelwal Viromics Study,"USA: Ohio, Cincinnati",39.10 N 84.51 W,Metagenome-Human-Stool,WGS,METAGENOMIC,size fractionation,paired,ILLUMINA,NovaSeq 6000,SMARTeR Pico Mammalian,fastq,,579_3_R1.fastq.gz,579_3_R2.fastq.gz,,,,,,
579_4,metagenome,Homo sapiens,stool,9/26/2017,Khandelwal Viromics Study,"USA: Ohio, Cincinnati",39.10 N 84.51 W,Metagenome-Human-Stool,WGS,METAGENOMIC,size fractionation,paired,ILLUMINA,NovaSeq 6000,SMARTeR Pico Mammalian,fastq,,579_4_R1.fastq.gz,579_4_R2.fastq.gz,,,,,,
579_5,metagenome,Homo sapiens,stool,1/30/2017,Khandelwal Viromics Study,"USA: Ohio, Cincinnati",39.10 N 84.51 W,Metagenome-Human-Stool,WGS,METAGENOMIC,size fractionation,paired,ILLUMINA,NovaSeq 6000,SMARTeR Pico Mammalian,fastq,,579_5_R1.fastq.gz,579_5_R2.fastq.gz,,,,,,
583_1,metagenome,Homo sapiens,stool,7/24/2017,Khandelwal Viromics Study,"USA: Ohio, Cincinnati",39.10 N 84.51 W,Metagenome-Human-Stool,WGS,METAGENOMIC,size fractionation,paired,ILLUMINA,NovaSeq 6000,SMARTeR Pico Mammalian,fastq,,583_1_R1.fastq.gz,583_1_R2.fastq.gz,,,,,,
583_2,metagenome,Homo sapiens,stool,9/26/2017,Khandelwal Viromics Study,"USA: Ohio, Cincinnati",39.10 N 84.51 W,Metagenome-Human-Stool,WGS,METAGENOMIC,size fractionation,paired,ILLUMINA,NovaSeq 6000,SMARTeR Pico Mammalian,fastq,,583_2_R1.fastq.gz,583_2_R2.fastq.gz,,,,,,
583_3,metagenome,Homo sapiens,stool,9/26/2017,Khandelwal Viromics Study,"USA: Ohio, Cincinnati",39.10 N 84.51 W,Metagenome-Human-Stool,WGS,METAGENOMIC,size fractionation,paired,ILLUMINA,NovaSeq 6000,SMARTeR Pico Mammalian,fastq,,583_3_R1.fastq.gz,583_3_R2.fastq.gz,,,,,,
583_4,metagenome,Homo sapiens,stool,6/29/2017,Khandelwal Viromics Study,"USA: Ohio, Cincinnati",39.10 N 84.51 W,Metagenome-Human-Stool,WGS,METAGENOMIC,size fractionation,paired,ILLUMINA,NovaSeq 6000,SMARTeR Pico Mammalian,fastq,,583_4_R1.fastq.gz,583_4_R2.fastq.gz,,,,,,
589_1,metagenome,Homo sapiens,stool,1/1/2018,Khandelwal Viromics Study,"USA: Ohio, Cincinnati",39.10 N 84.51 W,Metagenome-Human-Stool,WGS,METAGENOMIC,size fractionation,paired,ILLUMINA,NovaSeq 6000,SMARTeR Pico Mammalian,fastq,,589_1_R1.fastq.gz,589_1_R2.fastq.gz,,,,,,
589_2,metagenome,Homo sapiens,stool,3/21/2017,Khandelwal Viromics Study,"USA: Ohio, Cincinnati",39.10 N 84.51 W,Metagenome-Human-Stool,WGS,METAGENOMIC,size fractionation,paired,ILLUMINA,NovaSeq 6000,SMARTeR Pico Mammalian,fastq,,589_2_R1.fastq.gz,589_2_R2.fastq.gz,,,,,,
589_3,metagenome,Homo sapiens,stool,9/10/2017,Khandelwal Viromics Study,"USA: Ohio, Cincinnati",39.10 N 84.51 W,Metagenome-Human-Stool,WGS,METAGENOMIC,size fractionation,paired,ILLUMINA,NovaSeq 6000,SMARTeR Pico Mammalian,fastq,,589_3_R1.fastq.gz,589_3_R2.fastq.gz,,,,,,
595_1,metagenome,Homo sapiens,stool,11/26/2017,Khandelwal Viromics Study,"USA: Ohio, Cincinnati",39.10 N 84.51 W,Metagenome-Human-Stool,WGS,METAGENOMIC,size fractionation,paired,ILLUMINA,NovaSeq 6000,SMARTeR Pico Mammalian,fastq,,595_1_R1.fastq.gz,595_1_R2.fastq.gz,,,,,,
595_2,metagenome,Homo sapiens,stool,4/19/2017,Khandelwal Viromics Study,"USA: Ohio, Cincinnati",39.10 N 84.51 W,Metagenome-Human-Stool,WGS,METAGENOMIC,size fractionation,paired,ILLUMINA,NovaSeq 6000,SMARTeR Pico Mammalian,fastq,,595_2_R1.fastq.gz,595_2_R2.fastq.gz,,,,,,
595_3,metagenome,Homo sapiens,stool,9/11/2017,Khandelwal Viromics Study,"USA: Ohio, Cincinnati",39.10 N 84.51 W,Metagenome-Human-Stool,WGS,METAGENOMIC,size fractionation,paired,ILLUMINA,NovaSeq 6000,SMARTeR Pico Mammalian,fastq,,595_3_R1.fastq.gz,595_3_R2.fastq.gz,,,,,,
595_4,metagenome,Homo sapiens,stool,1/21/2018,Khandelwal Viromics Study,"USA: Ohio, Cincinnati",39.10 N 84.51 W,Metagenome-Human-Stool,WGS,METAGENOMIC,size fractionation,paired,ILLUMINA,NovaSeq 6000,SMARTeR Pico Mammalian,fastq,,595_4_R1.fastq.gz,595_4_R2.fastq.gz,,,,,,
595_5,metagenome,Homo sapiens,stool,4/7/2017,Khandelwal Viromics Study,"USA: Ohio, Cincinnati",39.10 N 84.51 W,Metagenome-Human-Stool,WGS,METAGENOMIC,size fractionation,paired,ILLUMINA,NovaSeq 6000,SMARTeR Pico Mammalian,fastq,,595_5_R1.fastq.gz,595_5_R2.fastq.gz,,,,,,
597_2,metagenome,Homo sapiens,stool,7/19/2017,Khandelwal Viromics Study,"USA: Ohio, Cincinnati",39.10 N 84.51 W,Metagenome-Human-Stool,WGS,METAGENOMIC,size fractionation,paired,ILLUMINA,NovaSeq 6000,SMARTeR Pico Mammalian,fastq,,597_2_R1.fastq.gz,597_2_R2.fastq.gz,,,,,,
597_3,metagenome,Homo sapiens,stool,12/3/2017,Khandelwal Viromics Study,"USA: Ohio, Cincinnati",39.10 N 84.51 W,Metagenome-Human-Stool,WGS,METAGENOMIC,size fractionation,paired,ILLUMINA,NovaSeq 6000,SMARTeR Pico Mammalian,fastq,,597_3_R1.fastq.gz,597_3_R2.fastq.gz,,,,,,
597_4,metagenome,Homo sapiens,stool,2/6/2017,Khandelwal Viromics Study,"USA: Ohio, Cincinnati",39.10 N 84.51 W,Metagenome-Human-Stool,WGS,METAGENOMIC,size fractionation,paired,ILLUMINA,NovaSeq 6000,SMARTeR Pico Mammalian,fastq,,597_4_R1.fastq.gz,597_4_R2.fastq.gz,,,,,,
597_5,metagenome,Homo sapiens,stool,7/21/2017,Khandelwal Viromics Study,"USA: Ohio, Cincinnati",39.10 N 84.51 W,Metagenome-Human-Stool,WGS,METAGENOMIC,size fractionation,paired,ILLUMINA,NovaSeq 6000,SMARTeR Pico Mammalian,fastq,,597_5_R1.fastq.gz,597_5_R2.fastq.gz,,,,,,
599_1,metagenome,Homo sapiens,stool,12/4/2017,Khandelwal Viromics Study,"USA: Ohio, Cincinnati",39.10 N 84.51 W,Metagenome-Human-Stool,WGS,METAGENOMIC,size fractionation,paired,ILLUMINA,NovaSeq 6000,SMARTeR Pico Mammalian,fastq,,599_1_R1.fastq.gz,599_1_R2.fastq.gz,,,,,,
599_2,metagenome,Homo sapiens,stool,2/20/2017,Khandelwal Viromics Study,"USA: Ohio, Cincinnati",39.10 N 84.51 W,Metagenome-Human-Stool,WGS,METAGENOMIC,size fractionation,paired,ILLUMINA,NovaSeq 6000,SMARTeR Pico Mammalian,fastq,,599_2_R1.fastq.gz,599_2_R2.fastq.gz,,,,,,
599_3,metagenome,Homo sapiens,stool,7/19/2017,Khandelwal Viromics Study,"USA: Ohio, Cincinnati",39.10 N 84.51 W,Metagenome-Human-Stool,WGS,METAGENOMIC,size fractionation,paired,ILLUMINA,NovaSeq 6000,SMARTeR Pico Mammalian,fastq,,599_3_R1.fastq.gz,599_3_R2.fastq.gz,,,,,,
599_4,metagenome,Homo sapiens,stool,12/4/2017,Khandelwal Viromics Study,"USA: Ohio, Cincinnati",39.10 N 84.51 W,Metagenome-Human-Stool,WGS,METAGENOMIC,size fractionation,paired,ILLUMINA,NovaSeq 6000,SMARTeR Pico Mammalian,fastq,,599_4_R1.fastq.gz,599_4_R2.fastq.gz,,,,,,
599_5,metagenome,Homo sapiens,stool,3/2/2017,Khandelwal Viromics Study,"USA: Ohio, Cincinnati",39.10 N 84.51 W,Metagenome-Human-Stool,WGS,METAGENOMIC,size fractionation,paired,ILLUMINA,NovaSeq 6000,SMARTeR Pico Mammalian,fastq,,599_5_R1.fastq.gz,599_5_R2.fastq.gz,,,,,,
605_1,metagenome,Homo sapiens,stool,7/17/2017,Khandelwal Viromics Study,"USA: Ohio, Cincinnati",39.10 N 84.51 W,Metagenome-Human-Stool,WGS,METAGENOMIC,size fractionation,paired,ILLUMINA,NovaSeq 6000,SMARTeR Pico Mammalian,fastq,,605_1_R1.fastq.gz,605_1_R2.fastq.gz,,,,,,
605_2,metagenome,Homo sapiens,stool,12/4/2017,Khandelwal Viromics Study,"USA: Ohio, Cincinnati",39.10 N 84.51 W,Metagenome-Human-Stool,WGS,METAGENOMIC,size fractionation,paired,ILLUMINA,NovaSeq 6000,SMARTeR Pico Mammalian,fastq,,605_2_R1.fastq.gz,605_2_R2.fastq.gz,,,,,,
605_3,metagenome,Homo sapiens,stool,2/8/2017,Khandelwal Viromics Study,"USA: Ohio, Cincinnati",39.10 N 84.51 W,Metagenome-Human-Stool,WGS,METAGENOMIC,size fractionation,paired,ILLUMINA,NovaSeq 6000,SMARTeR Pico Mammalian,fastq,,605_3_R1.fastq.gz,605_3_R2.fastq.gz,,,,,,
616_1,metagenome,Homo sapiens,stool,7/12/2017,Khandelwal Viromics Study,"USA: Ohio, Cincinnati",39.10 N 84.51 W,Metagenome-Human-Stool,WGS,METAGENOMIC,size fractionation,paired,ILLUMINA,NovaSeq 6000,SMARTeR Pico Mammalian,fastq,,616_1_R1.fastq.gz,616_1_R2.fastq.gz,,,,,,
616_2,metagenome,Homo sapiens,stool,12/5/2017,Khandelwal Viromics Study,"USA: Ohio, Cincinnati",39.10 N 84.51 W,Metagenome-Human-Stool,WGS,METAGENOMIC,size fractionation,paired,ILLUMINA,NovaSeq 6000,SMARTeR Pico Mammalian,fastq,,616_2_R1.fastq.gz,616_2_R2.fastq.gz,,,,,,
616_3,metagenome,Homo sapiens,stool,2/6/2017,Khandelwal Viromics Study,"USA: Ohio, Cincinnati",39.10 N 84.51 W,Metagenome-Human-Stool,WGS,METAGENOMIC,size fractionation,paired,ILLUMINA,NovaSeq 6000,SMARTeR Pico Mammalian,fastq,,616_3_R1.fastq.gz,616_3_R2.fastq.gz,,,,,,
616_4,metagenome,Homo sapiens,stool,7/14/2017,Khandelwal Viromics Study,"USA: Ohio, Cincinnati",39.10 N 84.51 W,Metagenome-Human-Stool,WGS,METAGENOMIC,size fractionation,paired,ILLUMINA,NovaSeq 6000,SMARTeR Pico Mammalian,fastq,,616_4_R1.fastq.gz,616_4_R2.fastq.gz,,,,,,
616_5,metagenome,Homo sapiens,stool,12/7/2017,Khandelwal Viromics Study,"USA: Ohio, Cincinnati",39.10 N 84.51 W,Metagenome-Human-Stool,WGS,METAGENOMIC,size fractionation,paired,ILLUMINA,NovaSeq 6000,SMARTeR Pico Mammalian,fastq,,616_5_R1.fastq.gz,616_5_R2.fastq.gz,,,,,,
620_1,metagenome,Homo sapiens,stool,3/6/2017,Khandelwal Viromics Study,"USA: Ohio, Cincinnati",39.10 N 84.51 W,Metagenome-Human-Stool,WGS,METAGENOMIC,size fractionation,paired,ILLUMINA,NovaSeq 6000,SMARTeR Pico Mammalian,fastq,,620_1_R1.fastq.gz,620_1_R2.fastq.gz,,,,,,
620_2,metagenome,Homo sapiens,stool,7/11/2017,Khandelwal Viromics Study,"USA: Ohio, Cincinnati",39.10 N 84.51 W,Metagenome-Human-Stool,WGS,METAGENOMIC,size fractionation,paired,ILLUMINA,NovaSeq 6000,SMARTeR Pico Mammalian,fastq,,620_2_R1.fastq.gz,620_2_R2.fastq.gz,,,,,,
620_3,metagenome,Homo sapiens,stool,3/27/2017,Khandelwal Viromics Study,"USA: Ohio, Cincinnati",39.10 N 84.51 W,Metagenome-Human-Stool,WGS,METAGENOMIC,size fractionation,paired,ILLUMINA,NovaSeq 6000,SMARTeR Pico Mammalian,fastq,,620_3_R1.fastq.gz,620_3_R2.fastq.gz,,,,,,
620_4,metagenome,Homo sapiens,stool,7/7/2017,Khandelwal Viromics Study,"USA: Ohio, Cincinnati",39.10 N 84.51 W,Metagenome-Human-Stool,WGS,METAGENOMIC,size fractionation,paired,ILLUMINA,NovaSeq 6000,SMARTeR Pico Mammalian,fastq,,620_4_R1.fastq.gz,620_4_R2.fastq.gz,,,,,,
620_5,metagenome,Homo sapiens,stool,12/6/2017,Khandelwal Viromics Study,"USA: Ohio, Cincinnati",39.10 N 84.51 W,Metagenome-Human-Stool,WGS,METAGENOMIC,size fractionation,paired,ILLUMINA,NovaSeq 6000,SMARTeR Pico Mammalian,fastq,,620_5_R1.fastq.gz,620_5_R2.fastq.gz,,,,,,
640_1,metagenome,Homo sapiens,stool,4/10/2017,Khandelwal Viromics Study,"USA: Ohio, Cincinnati",39.10 N 84.51 W,Metagenome-Human-Stool,WGS,METAGENOMIC,size fractionation,paired,ILLUMINA,NovaSeq 6000,SMARTeR Pico Mammalian,fastq,,640_1_R1.fastq.gz,640_1_R2.fastq.gz,,,,,,
640_2,metagenome,Homo sapiens,stool,7/5/2017,Khandelwal Viromics Study,"USA: Ohio, Cincinnati",39.10 N 84.51 W,Metagenome-Human-Stool,WGS,METAGENOMIC,size fractionation,paired,ILLUMINA,NovaSeq 6000,SMARTeR Pico Mammalian,fastq,,640_2_R1.fastq.gz,640_2_R2.fastq.gz,,,,,,
640_3,metagenome,Homo sapiens,stool,4/9/2017,Khandelwal Viromics Study,"USA: Ohio, Cincinnati",39.10 N 84.51 W,Metagenome-Human-Stool,WGS,METAGENOMIC,size fractionation,paired,ILLUMINA,NovaSeq 6000,SMARTeR Pico Mammalian,fastq,,640_3_R1.fastq.gz,640_3_R2.fastq.gz,,,,,,
640_4,metagenome,Homo sapiens,stool,6/16/2017,Khandelwal Viromics Study,"USA: Ohio, Cincinnati",39.10 N 84.51 W,Metagenome-Human-Stool,WGS,METAGENOMIC,size fractionation,paired,ILLUMINA,NovaSeq 6000,SMARTeR Pico Mammalian,fastq,,640_4_R1.fastq.gz,640_4_R2.fastq.gz,,,,,,
640_5,metagenome,Homo sapiens,stool,1/7/2018,Khandelwal Viromics Study,"USA: Ohio, Cincinnati",39.10 N 84.51 W,Metagenome-Human-Stool,WGS,METAGENOMIC,size fractionation,paired,ILLUMINA,NovaSeq 6000,SMARTeR Pico Mammalian,fastq,,640_5_R1.fastq.gz,640_5_R2.fastq.gz,,,,,,
22_1,metagenome,Homo sapiens,stool,3/1/2017,Khandelwal Viromics Study,"USA: Ohio, Cincinnati",39.10 N 84.51 W,Metagenome-Human-Stool,WGS,METAGENOMIC,size fractionation,paired,ILLUMINA,NovaSeq 6000,SMARTeR Pico Mammalian,fastq,,22_1_R1.fastq.gz,22_1_R2.fastq.gz,,,,,,
22_2,metagenome,Homo sapiens,stool,6/15/2017,Khandelwal Viromics Study,"USA: Ohio, Cincinnati",39.10 N 84.51 W,Metagenome-Human-Stool,WGS,METAGENOMIC,size fractionation,paired,ILLUMINA,NovaSeq 6000,SMARTeR Pico Mammalian,fastq,,22_2_R1.fastq.gz,22_2_R2.fastq.gz,,,,,,
22_3,metagenome,Homo sapiens,stool,1/8/2018,Khandelwal Viromics Study,"USA: Ohio, Cincinnati",39.10 N 84.51 W,Metagenome-Human-Stool,WGS,METAGENOMIC,size fractionation,paired,ILLUMINA,NovaSeq 6000,SMARTeR Pico Mammalian,fastq,,22_3_R1.fastq.gz,22_3_R2.fastq.gz,,,,,,
22_4,metagenome,Homo sapiens,stool,1/24/2017,Khandelwal Viromics Study,"USA: Ohio, Cincinnati",39.10 N 84.51 W,Metagenome-Human-Stool,WGS,METAGENOMIC,size fractionation,paired,ILLUMINA,NovaSeq 6000,SMARTeR Pico Mammalian,fastq,,22_4_R1.fastq.gz,22_4_R2.fastq.gz,,,,,,
92_1,metagenome,Homo sapiens,stool,6/19/2017,Khandelwal Viromics Study,"USA: Ohio, Cincinnati",39.10 N 84.51 W,Metagenome-Human-Stool,WGS,METAGENOMIC,size fractionation,paired,ILLUMINA,NovaSeq 6000,SMARTeR Pico Mammalian,fastq,,92_1_R1.fastq.gz,92_1_R2.fastq.gz,,,,,,
92_2,metagenome,Homo sapiens,stool,1/8/2018,Khandelwal Viromics Study,"USA: Ohio, Cincinnati",39.10 N 84.51 W,Metagenome-Human-Stool,WGS,METAGENOMIC,size fractionation,paired,ILLUMINA,NovaSeq 6000,SMARTeR Pico Mammalian,fastq,,92_2_R1.fastq.gz,92_2_R2.fastq.gz,,,,,,
92_3,metagenome,Homo sapiens,stool,3/1/2017,Khandelwal Viromics Study,"USA: Ohio, Cincinnati",39.10 N 84.51 W,Metagenome-Human-Stool,WGS,METAGENOMIC,size fractionation,paired,ILLUMINA,NovaSeq 6000,SMARTeR Pico Mammalian,fastq,,92_3_R1.fastq.gz,92_3_R2.fastq.gz,,,,,,
92_4,metagenome,Homo sapiens,stool,9/12/2017,Khandelwal Viromics Study,"USA: Ohio, Cincinnati",39.10 N 84.51 W,Metagenome-Human-Stool,WGS,METAGENOMIC,size fractionation,paired,ILLUMINA,NovaSeq 6000,SMARTeR Pico Mammalian,fastq,,92_4_R1.fastq.gz,92_4_R2.fastq.gz,,,,,,
189_1,metagenome,Homo sapiens,stool,4/6/2017,Khandelwal Viromics Study,"USA: Ohio, Cincinnati",39.10 N 84.51 W,Metagenome-Human-Stool,WGS,METAGENOMIC,size fractionation,paired,ILLUMINA,NovaSeq 6000,SMARTeR Pico Mammalian,fastq,,189_1_R1.fastq.gz,189_1_R2.fastq.gz,,,,,,
189_2,metagenome,Homo sapiens,stool,9/12/2017,Khandelwal Viromics Study,"USA: Ohio, Cincinnati",39.10 N 84.51 W,Metagenome-Human-Stool,WGS,METAGENOMIC,size fractionation,paired,ILLUMINA,NovaSeq 6000,SMARTeR Pico Mammalian,fastq,,189_2_R1.fastq.gz,189_2_R2.fastq.gz,,,,,,
189_3,metagenome,Homo sapiens,stool,1/2/2018,Khandelwal Viromics Study,"USA: Ohio, Cincinnati",39.10 N 84.51 W,Metagenome-Human-Stool,WGS,METAGENOMIC,size fractionation,paired,ILLUMINA,NovaSeq 6000,SMARTeR Pico Mammalian,fastq,,189_3_R1.fastq.gz,189_3_R2.fastq.gz,,,,,,
189_4,metagenome,Homo sapiens,stool,4/4/2017,Khandelwal Viromics Study,"USA: Ohio, Cincinnati",39.10 N 84.51 W,Metagenome-Human-Stool,WGS,METAGENOMIC,size fractionation,paired,ILLUMINA,NovaSeq 6000,SMARTeR Pico Mammalian,fastq,,189_4_R1.fastq.gz,189_4_R2.fastq.gz,,,,,,
225_1,metagenome,Homo sapiens,stool,9/13/2017,Khandelwal Viromics Study,"USA: Ohio, Cincinnati",39.10 N 84.51 W,Metagenome-Human-Stool,WGS,METAGENOMIC,size fractionation,paired,ILLUMINA,NovaSeq 6000,SMARTeR Pico Mammalian,fastq,,225_1_R1.fastq.gz,225_1_R2.fastq.gz,,,,,,
225_2,metagenome,Homo sapiens,stool,1/2/2018,Khandelwal Viromics Study,"USA: Ohio, Cincinnati",39.10 N 84.51 W,Metagenome-Human-Stool,WGS,METAGENOMIC,size fractionation,paired,ILLUMINA,NovaSeq 6000,SMARTeR Pico Mammalian,fastq,,225_2_R1.fastq.gz,225_2_R2.fastq.gz,,,,,,
225_3,metagenome,Homo sapiens,stool,2/12/2017,Khandelwal Viromics Study,"USA: Ohio, Cincinnati",39.10 N 84.51 W,Metagenome-Human-Stool,WGS,METAGENOMIC,size fractionation,paired,ILLUMINA,NovaSeq 6000,SMARTeR Pico Mammalian,fastq,,225_3_R1.fastq.gz,225_3_R2.fastq.gz,,,,,,
596_1,metagenome,Homo sapiens,stool,9/17/2017,Khandelwal Viromics Study,"USA: Ohio, Cincinnati",39.10 N 84.51 W,Metagenome-Human-Stool,WGS,METAGENOMIC,size fractionation,paired,ILLUMINA,NovaSeq 6000,SMARTeR Pico Mammalian,fastq,,596_1_R1.fastq.gz,596_1_R2.fastq.gz,,,,,,
596_2,metagenome,Homo sapiens,stool,1/2/2018,Khandelwal Viromics Study,"USA: Ohio, Cincinnati",39.10 N 84.51 W,Metagenome-Human-Stool,WGS,METAGENOMIC,size fractionation,paired,ILLUMINA,NovaSeq 6000,SMARTeR Pico Mammalian,fastq,,596_2_R1.fastq.gz,596_2_R2.fastq.gz,,,,,,
596_3,metagenome,Homo sapiens,stool,1/25/2017,Khandelwal Viromics Study,"USA: Ohio, Cincinnati",39.10 N 84.51 W,Metagenome-Human-Stool,WGS,METAGENOMIC,size fractionation,paired,ILLUMINA,NovaSeq 6000,SMARTeR Pico Mammalian,fastq,,596_3_R1.fastq.gz,596_3_R2.fastq.gz,,,,,,
660_1,metagenome,Homo sapiens,stool,9/14/2017,Khandelwal Viromics Study,"USA: Ohio, Cincinnati",39.10 N 84.51 W,Metagenome-Human-Stool,WGS,METAGENOMIC,size fractionation,paired,ILLUMINA,NovaSeq 6000,SMARTeR Pico Mammalian,fastq,,660_1_R1.fastq.gz,660_1_R2.fastq.gz,,,,,,
660_2,metagenome,Homo sapiens,stool,1/3/2018,Khandelwal Viromics Study,"USA: Ohio, Cincinnati",39.10 N 84.51 W,Metagenome-Human-Stool,WGS,METAGENOMIC,size fractionation,paired,ILLUMINA,NovaSeq 6000,SMARTeR Pico Mammalian,fastq,,660_2_R1.fastq.gz,660_2_R2.fastq.gz,,,,,,
660_3,metagenome,Homo sapiens,stool,3/29/2017,Khandelwal Viromics Study,"USA: Ohio, Cincinnati",39.10 N 84.51 W,Metagenome-Human-Stool,WGS,METAGENOMIC,size fractionation,paired,ILLUMINA,NovaSeq 6000,SMARTeR Pico Mammalian,fastq,,660_3_R1.fastq.gz,660_3_R2.fastq.gz,,,,,,
660_4,metagenome,Homo sapiens,stool,9/20/2017,Khandelwal Viromics Study,"USA: Ohio, Cincinnati",39.10 N 84.51 W,Metagenome-Human-Stool,WGS,METAGENOMIC,size fractionation,paired,ILLUMINA,NovaSeq 6000,SMARTeR Pico Mammalian,fastq,,660_4_R1.fastq.gz,660_4_R2.fastq.gz,,,,,,
660_5,metagenome,Homo sapiens,stool,1/3/2018,Khandelwal Viromics Study,"USA: Ohio, Cincinnati",39.10 N 84.51 W,Metagenome-Human-Stool,WGS,METAGENOMIC,size fractionation,paired,ILLUMINA,NovaSeq 6000,SMARTeR Pico Mammalian,fastq,,660_5_R1.fastq.gz,660_5_R2.fastq.gz,,,,,,
668_1,metagenome,Homo sapiens,stool,4/2/2017,Khandelwal Viromics Study,"USA: Ohio, Cincinnati",39.10 N 84.51 W,Metagenome-Human-Stool,WGS,METAGENOMIC,size fractionation,paired,ILLUMINA,NovaSeq 6000,SMARTeR Pico Mammalian,fastq,,668_1_R1.fastq.gz,668_1_R2.fastq.gz,,,,,,
668_2,metagenome,Homo sapiens,stool,1/5/2018,Khandelwal Viromics Study,"USA: Ohio, Cincinnati",39.10 N 84.51 W,Metagenome-Human-Stool,WGS,METAGENOMIC,size fractionation,paired,ILLUMINA,NovaSeq 6000,SMARTeR Pico Mammalian,fastq,,668_2_R1.fastq.gz,668_2_R2.fastq.gz,,,,,,
668_3,metagenome,Homo sapiens,stool,3/13/2017,Khandelwal Viromics Study,"USA: Ohio, Cincinnati",39.10 N 84.51 W,Metagenome-Human-Stool,WGS,METAGENOMIC,size fractionation,paired,ILLUMINA,NovaSeq 6000,SMARTeR Pico Mammalian,fastq,,668_3_R1.fastq.gz,668_3_R2.fastq.gz,,,,,,
668_4,metagenome,Homo sapiens,stool,9/19/2017,Khandelwal Viromics Study,"USA: Ohio, Cincinnati",39.10 N 84.51 W,Metagenome-Human-Stool,WGS,METAGENOMIC,size fractionation,paired,ILLUMINA,NovaSeq 6000,SMARTeR Pico Mammalian,fastq,,668_4_R1.fastq.gz,668_4_R2.fastq.gz,,,,,,
677_1,metagenome,Homo sapiens,stool,1/4/2018,Khandelwal Viromics Study,"USA: Ohio, Cincinnati",39.10 N 84.51 W,Metagenome-Human-Stool,WGS,METAGENOMIC,size fractionation,paired,ILLUMINA,NovaSeq 6000,SMARTeR Pico Mammalian,fastq,,677_1_R1.fastq.gz,677_1_R2.fastq.gz,,,,,,
677_2,metagenome,Homo sapiens,stool,4/3/2017,Khandelwal Viromics Study,"USA: Ohio, Cincinnati",39.10 N 84.51 W,Metagenome-Human-Stool,WGS,METAGENOMIC,size fractionation,paired,ILLUMINA,NovaSeq 6000,SMARTeR Pico Mammalian,fastq,,677_2_R1.fastq.gz,677_2_R2.fastq.gz,,,,,,
677_3,metagenome,Homo sapiens,stool,7/6/2017,Khandelwal Viromics Study,"USA: Ohio, Cincinnati",39.10 N 84.51 W,Metagenome-Human-Stool,WGS,METAGENOMIC,size fractionation,paired,ILLUMINA,NovaSeq 6000,SMARTeR Pico Mammalian,fastq,,677_3_R1.fastq.gz,677_3_R2.fastq.gz,,,,,,
677_4,metagenome,Homo sapiens,stool,1/5/2018,Khandelwal Viromics Study,"USA: Ohio, Cincinnati",39.10 N 84.51 W,Metagenome-Human-Stool,WGS,METAGENOMIC,size fractionation,paired,ILLUMINA,NovaSeq 6000,SMARTeR Pico Mammalian,fastq,,677_4_R1.fastq.gz,677_4_R2.fastq.gz,,,,,,
677_5,metagenome,Homo sapiens,stool,3/15/2017,Khandelwal Viromics Study,"USA: Ohio, Cincinnati",39.10 N 84.51 W,Metagenome-Human-Stool,WGS,METAGENOMIC,size fractionation,paired,ILLUMINA,NovaSeq 6000,SMARTeR Pico Mammalian,fastq,,677_5_R1.fastq.gz,677_5_R2.fastq.gz,,,,,,
682_1,metagenome,Homo sapiens,stool,1/3/2017,Khandelwal Viromics Study,"USA: Ohio, Cincinnati",39.10 N 84.51 W,Metagenome-Human-Stool,WGS,METAGENOMIC,size fractionation,paired,ILLUMINA,NovaSeq 6000,SMARTeR Pico Mammalian,fastq,,682_1_R1.fastq.gz,682_1_R2.fastq.gz,,,,,,
682_2,metagenome,Homo sapiens,stool,9/24/2017,Khandelwal Viromics Study,"USA: Ohio, Cincinnati",39.10 N 84.51 W,Metagenome-Human-Stool,WGS,METAGENOMIC,size fractionation,paired,ILLUMINA,NovaSeq 6000,SMARTeR Pico Mammalian,fastq,,682_2_R1.fastq.gz,682_2_R2.fastq.gz,,,,,,
682_3,metagenome,Homo sapiens,stool,12/10/2017,Khandelwal Viromics Study,"USA: Ohio, Cincinnati",39.10 N 84.51 W,Metagenome-Human-Stool,WGS,METAGENOMIC,size fractionation,paired,ILLUMINA,NovaSeq 6000,SMARTeR Pico Mammalian,fastq,,682_3_R1.fastq.gz,682_3_R2.fastq.gz,,,,,,
682_4,metagenome,Homo sapiens,stool,5/16/2017,Khandelwal Viromics Study,"USA: Ohio, Cincinnati",39.10 N 84.51 W,Metagenome-Human-Stool,WGS,METAGENOMIC,size fractionation,paired,ILLUMINA,NovaSeq 6000,SMARTeR Pico Mammalian,fastq,,682_4_R1.fastq.gz,682_4_R2.fastq.gz,,,,,,
682_5,metagenome,Homo sapiens,stool,1/17/2017,Khandelwal Viromics Study,"USA: Ohio, Cincinnati",39.10 N 84.51 W,Metagenome-Human-Stool,WGS,METAGENOMIC,size fractionation,paired,ILLUMINA,NovaSeq 6000,SMARTeR Pico Mammalian,fastq,,682_5_R1.fastq.gz,682_5_R2.fastq.gz,,,,,,
702_1,metagenome,Homo sapiens,stool,9/26/2017,Khandelwal Viromics Study,"USA: Ohio, Cincinnati",39.10 N 84.51 W,Metagenome-Human-Stool,WGS,METAGENOMIC,size fractionation,paired,ILLUMINA,NovaSeq 6000,SMARTeR Pico Mammalian,fastq,,702_1_R1.fastq.gz,702_1_R2.fastq.gz,,,,,,
702_2,metagenome,Homo sapiens,stool,12/10/2017,Khandelwal Viromics Study,"USA: Ohio, Cincinnati",39.10 N 84.51 W,Metagenome-Human-Stool,WGS,METAGENOMIC,size fractionation,paired,ILLUMINA,NovaSeq 6000,SMARTeR Pico Mammalian,fastq,,702_2_R1.fastq.gz,702_2_R2.fastq.gz,,,,,,
702_3,metagenome,Homo sapiens,stool,5/21/2017,Khandelwal Viromics Study,"USA: Ohio, Cincinnati",39.10 N 84.51 W,Metagenome-Human-Stool,WGS,METAGENOMIC,size fractionation,paired,ILLUMINA,NovaSeq 6000,SMARTeR Pico Mammalian,fastq,,702_3_R1.fastq.gz,702_3_R2.fastq.gz,,,,,,
702_4,metagenome,Homo sapiens,stool,1/19/2017,Khandelwal Viromics Study,"USA: Ohio, Cincinnati",39.10 N 84.51 W,Metagenome-Human-Stool,WGS,METAGENOMIC,size fractionation,paired,ILLUMINA,NovaSeq 6000,SMARTeR Pico Mammalian,fastq,,702_4_R1.fastq.gz,702_4_R2.fastq.gz,,,,,,
702_5,metagenome,Homo sapiens,stool,12/11/2017,Khandelwal Viromics Study,"USA: Ohio, Cincinnati",39.10 N 84.51 W,Metagenome-Human-Stool,WGS,METAGENOMIC,size fractionation,paired,ILLUMINA,NovaSeq 6000,SMARTeR Pico Mammalian,fastq,,702_5_R1.fastq.gz,702_5_R2.fastq.gz,,,,,,
706_1,metagenome,Homo sapiens,stool,4/24/2017,Khandelwal Viromics Study,"USA: Ohio, Cincinnati",39.10 N 84.51 W,Metagenome-Human-Stool,WGS,METAGENOMIC,size fractionation,paired,ILLUMINA,NovaSeq 6000,SMARTeR Pico Mammalian,fastq,,706_1_R1.fastq.gz,706_1_R2.fastq.gz,,,,,,
706_2,metagenome,Homo sapiens,stool,6/19/2017,Khandelwal Viromics Study,"USA: Ohio, Cincinnati",39.10 N 84.51 W,Metagenome-Human-Stool,WGS,METAGENOMIC,size fractionation,paired,ILLUMINA,NovaSeq 6000,SMARTeR Pico Mammalian,fastq,,706_2_R1.fastq.gz,706_2_R2.fastq.gz,,,,,,
706_3,metagenome,Homo sapiens,stool,1/9/2018,Khandelwal Viromics Study,"USA: Ohio, Cincinnati",39.10 N 84.51 W,Metagenome-Human-Stool,WGS,METAGENOMIC,size fractionation,paired,ILLUMINA,NovaSeq 6000,SMARTeR Pico Mammalian,fastq,,706_3_R1.fastq.gz,706_3_R2.fastq.gz,,,,,,
706_4,metagenome,Homo sapiens,stool,3/6/2017,Khandelwal Viromics Study,"USA: Ohio, Cincinnati",39.10 N 84.51 W,Metagenome-Human-Stool,WGS,METAGENOMIC,size fractionation,paired,ILLUMINA,NovaSeq 6000,SMARTeR Pico Mammalian,fastq,,706_4_R1.fastq.gz,706_4_R2.fastq.gz,,,,,,
706_5,metagenome,Homo sapiens,stool,6/18/2017,Khandelwal Viromics Study,"USA: Ohio, Cincinnati",39.10 N 84.51 W,Metagenome-Human-Stool,WGS,METAGENOMIC,size fractionation,paired,ILLUMINA,NovaSeq 6000,SMARTeR Pico Mammalian,fastq,,706_5_R1.fastq.gz,706_5_R2.fastq.gz,,,,,,
709_1,metagenome,Homo sapiens,stool,1/10/2018,Khandelwal Viromics Study,"USA: Ohio, Cincinnati",39.10 N 84.51 W,Metagenome-Human-Stool,WGS,METAGENOMIC,size fractionation,paired,ILLUMINA,NovaSeq 6000,SMARTeR Pico Mammalian,fastq,,709_1_R1.fastq.gz,709_1_R2.fastq.gz,,,,,,
709_2,metagenome,Homo sapiens,stool,4/11/2017,Khandelwal Viromics Study,"USA: Ohio, Cincinnati",39.10 N 84.51 W,Metagenome-Human-Stool,WGS,METAGENOMIC,size fractionation,paired,ILLUMINA,NovaSeq 6000,SMARTeR Pico Mammalian,fastq,,709_2_R1.fastq.gz,709_2_R2.fastq.gz,,,,,,
709_3,metagenome,Homo sapiens,stool,6/11/2017,Khandelwal Viromics Study,"USA: Ohio, Cincinnati",39.10 N 84.51 W,Metagenome-Human-Stool,WGS,METAGENOMIC,size fractionation,paired,ILLUMINA,NovaSeq 6000,SMARTeR Pico Mammalian,fastq,,709_3_R1.fastq.gz,709_3_R2.fastq.gz,,,,,,
709_4,metagenome,Homo sapiens,stool,1/14/2018,Khandelwal Viromics Study,"USA: Ohio, Cincinnati",39.10 N 84.51 W,Metagenome-Human-Stool,WGS,METAGENOMIC,size fractionation,paired,ILLUMINA,NovaSeq 6000,SMARTeR Pico Mammalian,fastq,,709_4_R1.fastq.gz,709_4_R2.fastq.gz,,,,,,
709_5,metagenome,Homo sapiens,stool,4/21/2017,Khandelwal Viromics Study,"USA: Ohio, Cincinnati",39.10 N 84.51 W,Metagenome-Human-Stool,WGS,METAGENOMIC,size fractionation,paired,ILLUMINA,NovaSeq 6000,SMARTeR Pico Mammalian,fastq,,709_5_R1.fastq.gz,709_5_R2.fastq.gz,,,,,,
714_1,metagenome,Homo sapiens,stool,5/23/2017,Khandelwal Viromics Study,"USA: Ohio, Cincinnati",39.10 N 84.51 W,Metagenome-Human-Stool,WGS,METAGENOMIC,size fractionation,paired,ILLUMINA,NovaSeq 6000,SMARTeR Pico Mammalian,fastq,,714_1_R1.fastq.gz,714_1_R2.fastq.gz,,,,,,
714_2,metagenome,Homo sapiens,stool,1/14/2018,Khandelwal Viromics Study,"USA: Ohio, Cincinnati",39.10 N 84.51 W,Metagenome-Human-Stool,WGS,METAGENOMIC,size fractionation,paired,ILLUMINA,NovaSeq 6000,SMARTeR Pico Mammalian,fastq,,714_2_R1.fastq.gz,714_2_R2.fastq.gz,,,,,,
714_3,metagenome,Homo sapiens,stool,4/21/2017,Khandelwal Viromics Study,"USA: Ohio, Cincinnati",39.10 N 84.51 W,Metagenome-Human-Stool,WGS,METAGENOMIC,size fractionation,paired,ILLUMINA,NovaSeq 6000,SMARTeR Pico Mammalian,fastq,,714_3_R1.fastq.gz,714_3_R2.fastq.gz,,,,,,
714_4,metagenome,Homo sapiens,stool,6/12/2017,Khandelwal Viromics Study,"USA: Ohio, Cincinnati",39.10 N 84.51 W,Metagenome-Human-Stool,WGS,METAGENOMIC,size fractionation,paired,ILLUMINA,NovaSeq 6000,SMARTeR Pico Mammalian,fastq,,714_4_R1.fastq.gz,714_4_R2.fastq.gz,,,,,,
723_1,metagenome,Homo sapiens,stool,1/16/2018,Khandelwal Viromics Study,"USA: Ohio, Cincinnati",39.10 N 84.51 W,Metagenome-Human-Stool,WGS,METAGENOMIC,size fractionation,paired,ILLUMINA,NovaSeq 6000,SMARTeR Pico Mammalian,fastq,,723_1_R1.fastq.gz,723_1_R2.fastq.gz,,,,,,
723_2,metagenome,Homo sapiens,stool,5/3/2017,Khandelwal Viromics Study,"USA: Ohio, Cincinnati",39.10 N 84.51 W,Metagenome-Human-Stool,WGS,METAGENOMIC,size fractionation,paired,ILLUMINA,NovaSeq 6000,SMARTeR Pico Mammalian,fastq,,723_2_R1.fastq.gz,723_2_R2.fastq.gz,,,,,,
723_3,metagenome,Homo sapiens,stool,6/11/2017,Khandelwal Viromics Study,"USA: Ohio, Cincinnati",39.10 N 84.51 W,Metagenome-Human-Stool,WGS,METAGENOMIC,size fractionation,paired,ILLUMINA,NovaSeq 6000,SMARTeR Pico Mammalian,fastq,,723_3_R1.fastq.gz,723_3_R2.fastq.gz,,,,,,
723_4,metagenome,Homo sapiens,stool,1/16/2018,Khandelwal Viromics Study,"USA: Ohio, Cincinnati",39.10 N 84.51 W,Metagenome-Human-Stool,WGS,METAGENOMIC,size fractionation,paired,ILLUMINA,NovaSeq 6000,SMARTeR Pico Mammalian,fastq,,723_4_R1.fastq.gz,723_4_R2.fastq.gz,,,,,,
733_1,metagenome,Homo sapiens,stool,4/20/2017,Khandelwal Viromics Study,"USA: Ohio, Cincinnati",39.10 N 84.51 W,Metagenome-Human-Stool,WGS,METAGENOMIC,size fractionation,paired,ILLUMINA,NovaSeq 6000,SMARTeR Pico Mammalian,fastq,,733_1_R1.fastq.gz,733_1_R2.fastq.gz,,,,,,
733_2,metagenome,Homo sapiens,stool,1/17/2017,Khandelwal Viromics Study,"USA: Ohio, Cincinnati",39.10 N 84.51 W,Metagenome-Human-Stool,WGS,METAGENOMIC,size fractionation,paired,ILLUMINA,NovaSeq 6000,SMARTeR Pico Mammalian,fastq,,733_2_R1.fastq.gz,733_2_R2.fastq.gz,,,,,,
733_3,metagenome,Homo sapiens,stool,6/11/2017,Khandelwal Viromics Study,"USA: Ohio, Cincinnati",39.10 N 84.51 W,Metagenome-Human-Stool,WGS,METAGENOMIC,size fractionation,paired,ILLUMINA,NovaSeq 6000,SMARTeR Pico Mammalian,fastq,,733_3_R1.fastq.gz,733_3_R2.fastq.gz,,,,,,
RMS_3_1,metagenome,Homo sapiens,stool,1/16/2018,Khandelwal Viromics Study,"USA: Ohio, Cincinnati",39.10 N 84.51 W,Metagenome-Human-Stool,WGS,METAGENOMIC,size fractionation,paired,ILLUMINA,NovaSeq 6000,SMARTeR Pico Mammalian,fastq,,RMS_3_1_R1.fastq.gz,RMS_3_1_R2.fastq.gz,,,,,,
RMS_3_2,metagenome,Homo sapiens,stool,4/24/2017,Khandelwal Viromics Study,"USA: Ohio, Cincinnati",39.10 N 84.51 W,Metagenome-Human-Stool,WGS,METAGENOMIC,size fractionation,paired,ILLUMINA,NovaSeq 6000,SMARTeR Pico Mammalian,fastq,,RMS_3_2_R1.fastq.gz,RMS_3_2_R2.fastq.gz,,,,,,
RMS_3_3,metagenome,Homo sapiens,stool,1/4/2017,Khandelwal Viromics Study,"USA: Ohio, Cincinnati",39.10 N 84.51 W,Metagenome-Human-Stool,WGS,METAGENOMIC,size fractionation,paired,ILLUMINA,NovaSeq 6000,SMARTeR Pico Mammalian,fastq,,RMS_3_3_R1.fastq.gz,RMS_3_3_R2.fastq.gz,,,,,,
RMS_11_1,metagenome,Homo sapiens,stool,6/6/2017,Khandelwal Viromics Study,"USA: Ohio, Cincinnati",39.10 N 84.51 W,Metagenome-Human-Stool,WGS,METAGENOMIC,size fractionation,paired,ILLUMINA,NovaSeq 6000,SMARTeR Pico Mammalian,fastq,,RMS_11_1_R1.fastq.gz,RMS_11_1_R2.fastq.gz,,,,,,
RMS_11_2,metagenome,Homo sapiens,stool,5/7/2017,Khandelwal Viromics Study,"USA: Ohio, Cincinnati",39.10 N 84.51 W,Metagenome-Human-Stool,WGS,METAGENOMIC,size fractionation,paired,ILLUMINA,NovaSeq 6000,SMARTeR Pico Mammalian,fastq,,RMS_11_2_R1.fastq.gz,RMS_11_2_R2.fastq.gz,,,,,,
RMS_11_3,metagenome,Homo sapiens,stool,12/29/2016,Khandelwal Viromics Study,"USA: Ohio, Cincinnati",39.10 N 84.51 W,Metagenome-Human-Stool,WGS,METAGENOMIC,size fractionation,paired,ILLUMINA,NovaSeq 6000,SMARTeR Pico Mammalian,fastq,,RMS_11_3_R1.fastq.gz,RMS_11_3_R2.fastq.gz,,,,,,
RMS_17_1,metagenome,Homo sapiens,stool,5/29/2017,Khandelwal Viromics Study,"USA: Ohio, Cincinnati",39.10 N 84.51 W,Metagenome-Human-Stool,WGS,METAGENOMIC,size fractionation,paired,ILLUMINA,NovaSeq 6000,SMARTeR Pico Mammalian,fastq,,RMS_17_1_R1.fastq.gz,RMS_17_1_R2.fastq.gz,,,,,,
RMS_17_2,metagenome,Homo sapiens,stool,1/17/2018,Khandelwal Viromics Study,"USA: Ohio, Cincinnati",39.10 N 84.51 W,Metagenome-Human-Stool,WGS,METAGENOMIC,size fractionation,paired,ILLUMINA,NovaSeq 6000,SMARTeR Pico Mammalian,fastq,,RMS_17_2_R1.fastq.gz,RMS_17_2_R2.fastq.gz,,,,,,
RMS_17_3,metagenome,Homo sapiens,stool,5/8/2017,Khandelwal Viromics Study,"USA: Ohio, Cincinnati",39.10 N 84.51 W,Metagenome-Human-Stool,WGS,METAGENOMIC,size fractionation,paired,ILLUMINA,NovaSeq 6000,SMARTeR Pico Mammalian,fastq,,RMS_17_3_R1.fastq.gz,RMS_17_3_R2.fastq.gz,,,,,,
176_1,metagenome,Homo sapiens,stool,11/21/2016,Khandelwal Viromics Study,"USA: Ohio, Cincinnati",39.10 N 84.51 W,Metagenome-Human-Stool,WGS,METAGENOMIC,size fractionation,paired,ILLUMINA,NovaSeq 6000,SMARTeR Pico Mammalian,fastq,,176_1_R1.fastq.gz,176_1_R2.fastq.gz,,,,,,
176_2,metagenome,Homo sapiens,stool,12/7/2016,Khandelwal Viromics Study,"USA: Ohio, Cincinnati",39.10 N 84.51 W,Metagenome-Human-Stool,WGS,METAGENOMIC,size fractionation,paired,ILLUMINA,NovaSeq 6000,SMARTeR Pico Mammalian,fastq,,176_2_R1.fastq.gz,176_2_R2.fastq.gz,,,,,,
176_3,metagenome,Homo sapiens,stool,10/3/2017,Khandelwal Viromics Study,"USA: Ohio, Cincinnati",39.10 N 84.51 W,Metagenome-Human-Stool,WGS,METAGENOMIC,size fractionation,paired,ILLUMINA,NovaSeq 6000,SMARTeR Pico Mammalian,fastq,,176_3_R1.fastq.gz,176_3_R2.fastq.gz,,,,,,
176_4,metagenome,Homo sapiens,stool,12/18/2017,Khandelwal Viromics Study,"USA: Ohio, Cincinnati",39.10 N 84.51 W,Metagenome-Human-Stool,WGS,METAGENOMIC,size fractionation,paired,ILLUMINA,NovaSeq 6000,SMARTeR Pico Mammalian,fastq,,176_4_R1.fastq.gz,176_4_R2.fastq.gz,,,,,,
611_1,metagenome,Homo sapiens,stool,8/13/2017,Khandelwal Viromics Study,"USA: Ohio, Cincinnati",39.10 N 84.51 W,Metagenome-Human-Stool,WGS,METAGENOMIC,size fractionation,paired,ILLUMINA,NovaSeq 6000,SMARTeR Pico Mammalian,fastq,,611_1_R1.fastq.gz,611_1_R2.fastq.gz,,,,,,
611_2,metagenome,Homo sapiens,stool,12/1/2016,Khandelwal Viromics Study,"USA: Ohio, Cincinnati",39.10 N 84.51 W,Metagenome-Human-Stool,WGS,METAGENOMIC,size fractionation,paired,ILLUMINA,NovaSeq 6000,SMARTeR Pico Mammalian,fastq,,611_2_R1.fastq.gz,611_2_R2.fastq.gz,,,,,,
611_3,metagenome,Homo sapiens,stool,10/3/2017,Khandelwal Viromics Study,"USA: Ohio, Cincinnati",39.10 N 84.51 W,Metagenome-Human-Stool,WGS,METAGENOMIC,size fractionation,paired,ILLUMINA,NovaSeq 6000,SMARTeR Pico Mammalian,fastq,,611_3_R1.fastq.gz,611_3_R2.fastq.gz,,,,,,
720_1,metagenome,Homo sapiens,stool,9/27/2017,Khandelwal Viromics Study,"USA: Ohio, Cincinnati",39.10 N 84.51 W,Metagenome-Human-Stool,WGS,METAGENOMIC,size fractionation,paired,ILLUMINA,NovaSeq 6000,SMARTeR Pico Mammalian,fastq,,720_1_R1.fastq.gz,720_1_R2.fastq.gz,,,,,,
720_2,metagenome,Homo sapiens,stool,12/19/2017,Khandelwal Viromics Study,"USA: Ohio, Cincinnati",39.10 N 84.51 W,Metagenome-Human-Stool,WGS,METAGENOMIC,size fractionation,paired,ILLUMINA,NovaSeq 6000,SMARTeR Pico Mammalian,fastq,,720_2_R1.fastq.gz,720_2_R2.fastq.gz,,,,,,
720_3,metagenome,Homo sapiens,stool,8/14/2017,Khandelwal Viromics Study,"USA: Ohio, Cincinnati",39.10 N 84.51 W,Metagenome-Human-Stool,WGS,METAGENOMIC,size fractionation,paired,ILLUMINA,NovaSeq 6000,SMARTeR Pico Mammalian,fastq,,720_3_R1.fastq.gz,720_3_R2.fastq.gz,,,,,,
720_4,metagenome,Homo sapiens,stool,11/3/2016,Khandelwal Viromics Study,"USA: Ohio, Cincinnati",39.10 N 84.51 W,Metagenome-Human-Stool,WGS,METAGENOMIC,size fractionation,paired,ILLUMINA,NovaSeq 6000,SMARTeR Pico Mammalian,fastq,,720_4_R1.fastq.gz,720_4_R2.fastq.gz,,,,,,
720_5,metagenome,Homo sapiens,stool,10/3/2017,Khandelwal Viromics Study,"USA: Ohio, Cincinnati",39.10 N 84.51 W,Metagenome-Human-Stool,WGS,METAGENOMIC,size fractionation,paired,ILLUMINA,NovaSeq 6000,SMARTeR Pico Mammalian,fastq,,720_5_R1.fastq.gz,720_5_R2.fastq.gz,,,,,,
RMS_29_1,metagenome,Homo sapiens,stool,12/19/2017,Khandelwal Viromics Study,"USA: Ohio, Cincinnati",39.10 N 84.51 W,Metagenome-Human-Stool,WGS,METAGENOMIC,size fractionation,paired,ILLUMINA,NovaSeq 6000,SMARTeR Pico Mammalian,fastq,,RMS_29_1_R1.fastq.gz,RMS_29_1_R2.fastq.gz,,,,,,
RMS_29_2,metagenome,Homo sapiens,stool,8/15/2017,Khandelwal Viromics Study,"USA: Ohio, Cincinnati",39.10 N 84.51 W,Metagenome-Human-Stool,WGS,METAGENOMIC,size fractionation,paired,ILLUMINA,NovaSeq 6000,SMARTeR Pico Mammalian,fastq,,RMS_29_2_R1.fastq.gz,RMS_29_2_R2.fastq.gz,,,,,,
RMS_29_3,metagenome,Homo sapiens,stool,12/21/2016,Khandelwal Viromics Study,"USA: Ohio, Cincinnati",39.10 N 84.51 W,Metagenome-Human-Stool,WGS,METAGENOMIC,size fractionation,paired,ILLUMINA,NovaSeq 6000,SMARTeR Pico Mammalian,fastq,,RMS_29_3_R1.fastq.gz,RMS_29_3_R2.fastq.gz,,,,,,
RMS_38_1,metagenome,Homo sapiens,stool,9/26/2017,Khandelwal Viromics Study,"USA: Ohio, Cincinnati",39.10 N 84.51 W,Metagenome-Human-Stool,WGS,METAGENOMIC,size fractionation,paired,ILLUMINA,NovaSeq 6000,SMARTeR Pico Mammalian,fastq,,RMS_38_1_R1.fastq.gz,RMS_38_1_R2.fastq.gz,,,,,,
RMS_38_2,metagenome,Homo sapiens,stool,12/11/2017,Khandelwal Viromics Study,"USA: Ohio, Cincinnati",39.10 N 84.51 W,Metagenome-Human-Stool,WGS,METAGENOMIC,size fractionation,paired,ILLUMINA,NovaSeq 6000,SMARTeR Pico Mammalian,fastq,,RMS_38_2_R1.fastq.gz,RMS_38_2_R2.fastq.gz,,,,,,
RMS_38_3,metagenome,Homo sapiens,stool,5/8/2017,Khandelwal Viromics Study,"USA: Ohio, Cincinnati",39.10 N 84.51 W,Metagenome-Human-Stool,WGS,METAGENOMIC,size fractionation,paired,ILLUMINA,NovaSeq 6000,SMARTeR Pico Mammalian,fastq,,RMS_38_3_R1.fastq.gz,RMS_38_3_R2.fastq.gz,,,,,,
RMS_39_1,metagenome,Homo sapiens,stool,1/17/2017,Khandelwal Viromics Study,"USA: Ohio, Cincinnati",39.10 N 84.51 W,Metagenome-Human-Stool,WGS,METAGENOMIC,size fractionation,paired,ILLUMINA,NovaSeq 6000,SMARTeR Pico Mammalian,fastq,,RMS_39_1_R1.fastq.gz,RMS_39_1_R2.fastq.gz,,,,,,
RMS_39_2,metagenome,Homo sapiens,stool,9/28/2017,Khandelwal Viromics Study,"USA: Ohio, Cincinnati",39.10 N 84.51 W,Metagenome-Human-Stool,WGS,METAGENOMIC,size fractionation,paired,ILLUMINA,NovaSeq 6000,SMARTeR Pico Mammalian,fastq,,RMS_39_2_R1.fastq.gz,RMS_39_2_R2.fastq.gz,,,,,,
RMS_39_3,metagenome,Homo sapiens,stool,12/12/2017,Khandelwal Viromics Study,"USA: Ohio, Cincinnati",39.10 N 84.51 W,Metagenome-Human-Stool,WGS,METAGENOMIC,size fractionation,paired,ILLUMINA,NovaSeq 6000,SMARTeR Pico Mammalian,fastq,,RMS_39_3_R1.fastq.gz,RMS_39_3_R2.fastq.gz,,,,,,
RMS_39_4,metagenome,Homo sapiens,stool,4/27/2017,Khandelwal Viromics Study,"USA: Ohio, Cincinnati",39.10 N 84.51 W,Metagenome-Human-Stool,WGS,METAGENOMIC,size fractionation,paired,ILLUMINA,NovaSeq 6000,SMARTeR Pico Mammalian,fastq,,RMS_39_4_R1.fastq.gz,RMS_39_4_R2.fastq.gz,,,,,,
RMS_39_5,metagenome,Homo sapiens,stool,12/18/2016,Khandelwal Viromics Study,"USA: Ohio, Cincinnati",39.10 N 84.51 W,Metagenome-Human-Stool,WGS,METAGENOMIC,size fractionation,paired,ILLUMINA,NovaSeq 6000,SMARTeR Pico Mammalian,fastq,,RMS_39_5_R1.fastq.gz,RMS_39_5_R2.fastq.gz,,,,,,
507_1,metagenome,Homo sapiens,stool,9/30/2017,Khandelwal Viromics Study,"USA: Ohio, Cincinnati",39.10 N 84.51 W,Metagenome-Human-Stool,WGS,METAGENOMIC,size fractionation,paired,ILLUMINA,NovaSeq 6000,SMARTeR Pico Mammalian,fastq,,507_1_R1.fastq.gz,507_1_R2.fastq.gz,,,,,,
507_2,metagenome,Homo sapiens,stool,12/12/2017,Khandelwal Viromics Study,"USA: Ohio, Cincinnati",39.10 N 84.51 W,Metagenome-Human-Stool,WGS,METAGENOMIC,size fractionation,paired,ILLUMINA,NovaSeq 6000,SMARTeR Pico Mammalian,fastq,,507_2_R1.fastq.gz,507_2_R2.fastq.gz,,,,,,
507_3,metagenome,Homo sapiens,stool,5/10/2017,Khandelwal Viromics Study,"USA: Ohio, Cincinnati",39.10 N 84.51 W,Metagenome-Human-Stool,WGS,METAGENOMIC,size fractionation,paired,ILLUMINA,NovaSeq 6000,SMARTeR Pico Mammalian,fastq,,507_3_R1.fastq.gz,507_3_R2.fastq.gz,,,,,,
132_1,metagenome,Homo sapiens,stool,12/16/2016,Khandelwal Viromics Study,"USA: Ohio, Cincinnati",39.10 N 84.51 W,Metagenome-Human-Stool,WGS,METAGENOMIC,size fractionation,paired,ILLUMINA,NovaSeq 6000,SMARTeR Pico Mammalian,fastq,,132_1_R1.fastq.gz,132_1_R2.fastq.gz,,,,,,
132_2,metagenome,Homo sapiens,stool,10/1/2017,Khandelwal Viromics Study,"USA: Ohio, Cincinnati",39.10 N 84.51 W,Metagenome-Human-Stool,WGS,METAGENOMIC,size fractionation,paired,ILLUMINA,NovaSeq 6000,SMARTeR Pico Mammalian,fastq,,132_2_R1.fastq.gz,132_2_R2.fastq.gz,,,,,,
132_4,metagenome,Homo sapiens,stool,4/30/2017,Khandelwal Viromics Study,"USA: Ohio, Cincinnati",39.10 N 84.51 W,Metagenome-Human-Stool,WGS,METAGENOMIC,size fractionation,paired,ILLUMINA,NovaSeq 6000,SMARTeR Pico Mammalian,fastq,,132_4_R1.fastq.gz,132_4_R2.fastq.gz,,,,,,
641_1,metagenome,Homo sapiens,stool,1/15/2017,Khandelwal Viromics Study,"USA: Ohio, Cincinnati",39.10 N 84.51 W,Metagenome-Human-Stool,WGS,METAGENOMIC,size fractionation,paired,ILLUMINA,NovaSeq 6000,SMARTeR Pico Mammalian,fastq,,641_1_R1.fastq.gz,641_1_R2.fastq.gz,,,,,,
641_2,metagenome,Homo sapiens,stool,10/4/2017,Khandelwal Viromics Study,"USA: Ohio, Cincinnati",39.10 N 84.51 W,Metagenome-Human-Stool,WGS,METAGENOMIC,size fractionation,paired,ILLUMINA,NovaSeq 6000,SMARTeR Pico Mammalian,fastq,,641_2_R1.fastq.gz,641_2_R2.fastq.gz,,,,,,
641_4,metagenome,Homo sapiens,stool,12/12/2017,Khandelwal Viromics Study,"USA: Ohio, Cincinnati",39.10 N 84.51 W,Metagenome-Human-Stool,WGS,METAGENOMIC,size fractionation,paired,ILLUMINA,NovaSeq 6000,SMARTeR Pico Mammalian,fastq,,641_4_R1.fastq.gz,641_4_R2.fastq.gz,,,,,,
RMS_42_1,metagenome,Homo sapiens,stool,5/9/2017,Khandelwal Viromics Study,"USA: Ohio, Cincinnati",39.10 N 84.51 W,Metagenome-Human-Stool,WGS,METAGENOMIC,size fractionation,paired,ILLUMINA,NovaSeq 6000,SMARTeR Pico Mammalian,fastq,,RMS_42_1_R1.fastq.gz,RMS_42_1_R2.fastq.gz,,,,,,
RMS_42_3,metagenome,Homo sapiens,stool,1/10/2017,Khandelwal Viromics Study,"USA: Ohio, Cincinnati",39.10 N 84.51 W,Metagenome-Human-Stool,WGS,METAGENOMIC,size fractionation,paired,ILLUMINA,NovaSeq 6000,SMARTeR Pico Mammalian,fastq,,RMS_42_3_R1.fastq.gz,RMS_42_3_R2.fastq.gz,,,,,,
660_4_RNA,metagenome,Homo sapiens,stool,10/2/2017,Khandelwal Viromics Study,"USA: Ohio, Cincinnati",39.10 N 84.51 W,Metagenome-Human-Stool,WGS,METAGENOMIC,size fractionation,paired,ILLUMINA,NovaSeq 6000,SMARTeR Pico Mammalian,fastq,,660_4_RNA_R1.fastq.gz,660_4_RNA_R2.fastq.gz,,,,,,
660_5_RNA,metagenome,Homo sapiens,stool,12/12/2017,Khandelwal Viromics Study,"USA: Ohio, Cincinnati",39.10 N 84.51 W,Metagenome-Human-Stool,WGS,METAGENOMIC,size fractionation,paired,ILLUMINA,NovaSeq 6000,SMARTeR Pico Mammalian,fastq,,660_5_RNA_R1.fastq.gz,660_5_RNA_R2.fastq.gz,,,,,,
668_1_RNA,metagenome,Homo sapiens,stool,5/14/2017,Khandelwal Viromics Study,"USA: Ohio, Cincinnati",39.10 N 84.51 W,Metagenome-Human-Stool,WGS,METAGENOMIC,size fractionation,paired,ILLUMINA,NovaSeq 6000,SMARTeR Pico Mammalian,fastq,,668_1_RNA_R1.fastq.gz,668_1_RNA_R2.fastq.gz,,,,,,
668_2_RNA,metagenome,Homo sapiens,stool,12/13/2016,Khandelwal Viromics Study,"USA: Ohio, Cincinnati",39.10 N 84.51 W,Metagenome-Human-Stool,WGS,METAGENOMIC,size fractionation,paired,ILLUMINA,NovaSeq 6000,SMARTeR Pico Mammalian,fastq,,668_2_RNA_R1.fastq.gz,668_2_RNA_R2.fastq.gz,,,,,,
668_3_RNA,metagenome,Homo sapiens,stool,10/4/2017,Khandelwal Viromics Study,"USA: Ohio, Cincinnati",39.10 N 84.51 W,Metagenome-Human-Stool,WGS,METAGENOMIC,size fractionation,paired,ILLUMINA,NovaSeq 6000,SMARTeR Pico Mammalian,fastq,,668_3_RNA_R1.fastq.gz,668_3_RNA_R2.fastq.gz,,,,,,
668_4_RNA,metagenome,Homo sapiens,stool,12/14/2017,Khandelwal Viromics Study,"USA: Ohio, Cincinnati",39.10 N 84.51 W,Metagenome-Human-Stool,WGS,METAGENOMIC,size fractionation,paired,ILLUMINA,NovaSeq 6000,SMARTeR Pico Mammalian,fastq,,668_4_RNA_R1.fastq.gz,668_4_RNA_R2.fastq.gz,,,,,,
677_1_RNA,metagenome,Homo sapiens,stool,5/18/2017,Khandelwal Viromics Study,"USA: Ohio, Cincinnati",39.10 N 84.51 W,Metagenome-Human-Stool,WGS,METAGENOMIC,size fractionation,paired,ILLUMINA,NovaSeq 6000,SMARTeR Pico Mammalian,fastq,,677_1_RNA_R1.fastq.gz,677_1_RNA_R2.fastq.gz,,,,,,
677_2_RNA,metagenome,Homo sapiens,stool,12/18/2016,Khandelwal Viromics Study,"USA: Ohio, Cincinnati",39.10 N 84.51 W,Metagenome-Human-Stool,WGS,METAGENOMIC,size fractionation,paired,ILLUMINA,NovaSeq 6000,SMARTeR Pico Mammalian,fastq,,677_2_RNA_R1.fastq.gz,677_2_RNA_R2.fastq.gz,,,,,,
677_3_RNA,metagenome,Homo sapiens,stool,10/3/2017,Khandelwal Viromics Study,"USA: Ohio, Cincinnati",39.10 N 84.51 W,Metagenome-Human-Stool,WGS,METAGENOMIC,size fractionation,paired,ILLUMINA,NovaSeq 6000,SMARTeR Pico Mammalian,fastq,,677_3_RNA_R1.fastq.gz,677_3_RNA_R2.fastq.gz,,,,,,
677_4_RNA,metagenome,Homo sapiens,stool,12/13/2017,Khandelwal Viromics Study,"USA: Ohio, Cincinnati",39.10 N 84.51 W,Metagenome-Human-Stool,WGS,METAGENOMIC,size fractionation,paired,ILLUMINA,NovaSeq 6000,SMARTeR Pico Mammalian,fastq,,677_4_RNA_R1.fastq.gz,677_4_RNA_R2.fastq.gz,,,,,,
677_5_RNA,metagenome,Homo sapiens,stool,5/21/2017,Khandelwal Viromics Study,"USA: Ohio, Cincinnati",39.10 N 84.51 W,Metagenome-Human-Stool,WGS,METAGENOMIC,size fractionation,paired,ILLUMINA,NovaSeq 6000,SMARTeR Pico Mammalian,fastq,,677_5_RNA_R1.fastq.gz,677_5_RNA_R2.fastq.gz,,,,,,
682_1_RNA,metagenome,Homo sapiens,stool,1/11/2017,Khandelwal Viromics Study,"USA: Ohio, Cincinnati",39.10 N 84.51 W,Metagenome-Human-Stool,WGS,METAGENOMIC,size fractionation,paired,ILLUMINA,NovaSeq 6000,SMARTeR Pico Mammalian,fastq,,682_1_RNA_R1.fastq.gz,682_1_RNA_R2.fastq.gz,,,,,,
682_2_RNA,metagenome,Homo sapiens,stool,10/3/2017,Khandelwal Viromics Study,"USA: Ohio, Cincinnati",39.10 N 84.51 W,Metagenome-Human-Stool,WGS,METAGENOMIC,size fractionation,paired,ILLUMINA,NovaSeq 6000,SMARTeR Pico Mammalian,fastq,,682_2_RNA_R1.fastq.gz,682_2_RNA_R2.fastq.gz,,,,,,
682_3_RNA,metagenome,Homo sapiens,stool,12/18/2017,Khandelwal Viromics Study,"USA: Ohio, Cincinnati",39.10 N 84.51 W,Metagenome-Human-Stool,WGS,METAGENOMIC,size fractionation,paired,ILLUMINA,NovaSeq 6000,SMARTeR Pico Mammalian,fastq,,682_3_RNA_R1.fastq.gz,682_3_RNA_R2.fastq.gz,,,,,,
682_4_RNA,metagenome,Homo sapiens,stool,8/15/2017,Khandelwal Viromics Study,"USA: Ohio, Cincinnati",39.10 N 84.51 W,Metagenome-Human-Stool,WGS,METAGENOMIC,size fractionation,paired,ILLUMINA,NovaSeq 6000,SMARTeR Pico Mammalian,fastq,,682_4_RNA_R1.fastq.gz,682_4_RNA_R2.fastq.gz,,,,,,
682_5_RNA,metagenome,Homo sapiens,stool,10/11/2017,Khandelwal Viromics Study,"USA: Ohio, Cincinnati",39.10 N 84.51 W,Metagenome-Human-Stool,WGS,METAGENOMIC,size fractionation,paired,ILLUMINA,NovaSeq 6000,SMARTeR Pico Mammalian,fastq,,682_5_RNA_R1.fastq.gz,682_5_RNA_R2.fastq.gz,,,,,,
702_1_RNA,metagenome,Homo sapiens,stool,1/18/2018,Khandelwal Viromics Study,"USA: Ohio, Cincinnati",39.10 N 84.51 W,Metagenome-Human-Stool,WGS,METAGENOMIC,size fractionation,paired,ILLUMINA,NovaSeq 6000,SMARTeR Pico Mammalian,fastq,,702_1_RNA_R1.fastq.gz,702_1_RNA_R2.fastq.gz,,,,,,
702_2_RNA,metagenome,Homo sapiens,stool,8/22/2017,Khandelwal Viromics Study,"USA: Ohio, Cincinnati",39.10 N 84.51 W,Metagenome-Human-Stool,WGS,METAGENOMIC,size fractionation,paired,ILLUMINA,NovaSeq 6000,SMARTeR Pico Mammalian,fastq,,702_2_RNA_R1.fastq.gz,702_2_RNA_R2.fastq.gz,,,,,,
702_3_RNA,metagenome,Homo sapiens,stool,10/17/2017,Khandelwal Viromics Study,"USA: Ohio, Cincinnati",39.10 N 84.51 W,Metagenome-Human-Stool,WGS,METAGENOMIC,size fractionation,paired,ILLUMINA,NovaSeq 6000,SMARTeR Pico Mammalian,fastq,,702_3_RNA_R1.fastq.gz,702_3_RNA_R2.fastq.gz,,,,,,
702_4_RNA,metagenome,Homo sapiens,stool,1/17/2018,Khandelwal Viromics Study,"USA: Ohio, Cincinnati",39.10 N 84.51 W,Metagenome-Human-Stool,WGS,METAGENOMIC,size fractionation,paired,ILLUMINA,NovaSeq 6000,SMARTeR Pico Mammalian,fastq,,702_4_RNA_R1.fastq.gz,702_4_RNA_R2.fastq.gz,,,,,,
702_5_RNA,metagenome,Homo sapiens,stool,8/23/2017,Khandelwal Viromics Study,"USA: Ohio, Cincinnati",39.10 N 84.51 W,Metagenome-Human-Stool,WGS,METAGENOMIC,size fractionation,paired,ILLUMINA,NovaSeq 6000,SMARTeR Pico Mammalian,fastq,,702_5_RNA_R1.fastq.gz,702_5_RNA_R2.fastq.gz,,,,,,
706_1_RNA,metagenome,Homo sapiens,stool,10/17/2017,Khandelwal Viromics Study,"USA: Ohio, Cincinnati",39.10 N 84.51 W,Metagenome-Human-Stool,WGS,METAGENOMIC,size fractionation,paired,ILLUMINA,NovaSeq 6000,SMARTeR Pico Mammalian,fastq,,706_1_RNA_R1.fastq.gz,706_1_RNA_R2.fastq.gz,,,,,,
706_2_RNA,metagenome,Homo sapiens,stool,1/18/2018,Khandelwal Viromics Study,"USA: Ohio, Cincinnati",39.10 N 84.51 W,Metagenome-Human-Stool,WGS,METAGENOMIC,size fractionation,paired,ILLUMINA,NovaSeq 6000,SMARTeR Pico Mammalian,fastq,,706_2_RNA_R1.fastq.gz,706_2_RNA_R2.fastq.gz,,,,,,
706_3_RNA,metagenome,Homo sapiens,stool,8/29/2017,Khandelwal Viromics Study,"USA: Ohio, Cincinnati",39.10 N 84.51 W,Metagenome-Human-Stool,WGS,METAGENOMIC,size fractionation,paired,ILLUMINA,NovaSeq 6000,SMARTeR Pico Mammalian,fastq,,706_3_RNA_R1.fastq.gz,706_3_RNA_R2.fastq.gz,,,,,,
706_4_RNA,metagenome,Homo sapiens,stool,10/3/2017,Khandelwal Viromics Study,"USA: Ohio, Cincinnati",39.10 N 84.51 W,Metagenome-Human-Stool,WGS,METAGENOMIC,size fractionation,paired,ILLUMINA,NovaSeq 6000,SMARTeR Pico Mammalian,fastq,,706_4_RNA_R1.fastq.gz,706_4_RNA_R2.fastq.gz,,,,,,
706_5_RNA,metagenome,Homo sapiens,stool,12/19/2017,Khandelwal Viromics Study,"USA: Ohio, Cincinnati",39.10 N 84.51 W,Metagenome-Human-Stool,WGS,METAGENOMIC,size fractionation,paired,ILLUMINA,NovaSeq 6000,SMARTeR Pico Mammalian,fastq,,706_5_RNA_R1.fastq.gz,706_5_RNA_R2.fastq.gz,,,,,,
709_1_RNA,metagenome,Homo sapiens,stool,8/15/2017,Khandelwal Viromics Study,"USA: Ohio, Cincinnati",39.10 N 84.51 W,Metagenome-Human-Stool,WGS,METAGENOMIC,size fractionation,paired,ILLUMINA,NovaSeq 6000,SMARTeR Pico Mammalian,fastq,,709_1_RNA_R1.fastq.gz,709_1_RNA_R2.fastq.gz,,,,,,
709_2_RNA,metagenome,Homo sapiens,stool,12/6/2016,Khandelwal Viromics Study,"USA: Ohio, Cincinnati",39.10 N 84.51 W,Metagenome-Human-Stool,WGS,METAGENOMIC,size fractionation,paired,ILLUMINA,NovaSeq 6000,SMARTeR Pico Mammalian,fastq,,709_2_RNA_R1.fastq.gz,709_2_RNA_R2.fastq.gz,,,,,,
709_3_RNA,metagenome,Homo sapiens,stool,10/3/2017,Khandelwal Viromics Study,"USA: Ohio, Cincinnati",39.10 N 84.51 W,Metagenome-Human-Stool,WGS,METAGENOMIC,size fractionation,paired,ILLUMINA,NovaSeq 6000,SMARTeR Pico Mammalian,fastq,,709_3_RNA_R1.fastq.gz,709_3_RNA_R2.fastq.gz,,,,,,
709_4_RNA,metagenome,Homo sapiens,stool,12/20/2017,Khandelwal Viromics Study,"USA: Ohio, Cincinnati",39.10 N 84.51 W,Metagenome-Human-Stool,WGS,METAGENOMIC,size fractionation,paired,ILLUMINA,NovaSeq 6000,SMARTeR Pico Mammalian,fastq,,709_4_RNA_R1.fastq.gz,709_4_RNA_R2.fastq.gz,,,,,,
709_5_RNA,metagenome,Homo sapiens,stool,8/15/2017,Khandelwal Viromics Study,"USA: Ohio, Cincinnati",39.10 N 84.51 W,Metagenome-Human-Stool,WGS,METAGENOMIC,size fractionation,paired,ILLUMINA,NovaSeq 6000,SMARTeR Pico Mammalian,fastq,,709_5_RNA_R1.fastq.gz,709_5_RNA_R2.fastq.gz,,,,,,
714_1_RNA,metagenome,Homo sapiens,stool,10/4/2017,Khandelwal Viromics Study,"USA: Ohio, Cincinnati",39.10 N 84.51 W,Metagenome-Human-Stool,WGS,METAGENOMIC,size fractionation,paired,ILLUMINA,NovaSeq 6000,SMARTeR Pico Mammalian,fastq,,714_1_RNA_R1.fastq.gz,714_1_RNA_R2.fastq.gz,,,,,,
714_2_RNA,metagenome,Homo sapiens,stool,12/20/2017,Khandelwal Viromics Study,"USA: Ohio, Cincinnati",39.10 N 84.51 W,Metagenome-Human-Stool,WGS,METAGENOMIC,size fractionation,paired,ILLUMINA,NovaSeq 6000,SMARTeR Pico Mammalian,fastq,,714_2_RNA_R1.fastq.gz,714_2_RNA_R2.fastq.gz,,,,,,
714_3_RNA,metagenome,Homo sapiens,stool,8/17/2017,Khandelwal Viromics Study,"USA: Ohio, Cincinnati",39.10 N 84.51 W,Metagenome-Human-Stool,WGS,METAGENOMIC,size fractionation,paired,ILLUMINA,NovaSeq 6000,SMARTeR Pico Mammalian,fastq,,714_3_RNA_R1.fastq.gz,714_3_RNA_R2.fastq.gz,,,,,,
714_4_RNA,metagenome,Homo sapiens,stool,10/4/2017,Khandelwal Viromics Study,"USA: Ohio, Cincinnati",39.10 N 84.51 W,Metagenome-Human-Stool,WGS,METAGENOMIC,size fractionation,paired,ILLUMINA,NovaSeq 6000,SMARTeR Pico Mammalian,fastq,,714_4_RNA_R1.fastq.gz,714_4_RNA_R2.fastq.gz,,,,,,
723_1_RNA,metagenome,Homo sapiens,stool,12/19/2017,Khandelwal Viromics Study,"USA: Ohio, Cincinnati",39.10 N 84.51 W,Metagenome-Human-Stool,WGS,METAGENOMIC,size fractionation,paired,ILLUMINA,NovaSeq 6000,SMARTeR Pico Mammalian,fastq,,723_1_RNA_R1.fastq.gz,723_1_RNA_R2.fastq.gz,,,,,,
723_2_RNA,metagenome,Homo sapiens,stool,8/18/2017,Khandelwal Viromics Study,"USA: Ohio, Cincinnati",39.10 N 84.51 W,Metagenome-Human-Stool,WGS,METAGENOMIC,size fractionation,paired,ILLUMINA,NovaSeq 6000,SMARTeR Pico Mammalian,fastq,,723_2_RNA_R1.fastq.gz,723_2_RNA_R2.fastq.gz,,,,,,
723_3_RNA,metagenome,Homo sapiens,stool,10/5/2017,Khandelwal Viromics Study,"USA: Ohio, Cincinnati",39.10 N 84.51 W,Metagenome-Human-Stool,WGS,METAGENOMIC,size fractionation,paired,ILLUMINA,NovaSeq 6000,SMARTeR Pico Mammalian,fastq,,723_3_RNA_R1.fastq.gz,723_3_RNA_R2.fastq.gz,,,,,,
723_4_RNA,metagenome,Homo sapiens,stool,12/26/2017,Khandelwal Viromics Study,"USA: Ohio, Cincinnati",39.10 N 84.51 W,Metagenome-Human-Stool,WGS,METAGENOMIC,size fractionation,paired,ILLUMINA,NovaSeq 6000,SMARTeR Pico Mammalian,fastq,,723_4_RNA_R1.fastq.gz,723_4_RNA_R2.fastq.gz,,,,,,
733_1_RNA,metagenome,Homo sapiens,stool,8/16/2017,Khandelwal Viromics Study,"USA: Ohio, Cincinnati",39.10 N 84.51 W,Metagenome-Human-Stool,WGS,METAGENOMIC,size fractionation,paired,ILLUMINA,NovaSeq 6000,SMARTeR Pico Mammalian,fastq,,733_1_RNA_R1.fastq.gz,733_1_RNA_R2.fastq.gz,,,,,,
733_2_RNA,metagenome,Homo sapiens,stool,10/9/2017,Khandelwal Viromics Study,"USA: Ohio, Cincinnati",39.10 N 84.51 W,Metagenome-Human-Stool,WGS,METAGENOMIC,size fractionation,paired,ILLUMINA,NovaSeq 6000,SMARTeR Pico Mammalian,fastq,,733_2_RNA_R1.fastq.gz,733_2_RNA_R2.fastq.gz,,,,,,
733_3_RNA,metagenome,Homo sapiens,stool,12/27/2017,Khandelwal Viromics Study,"USA: Ohio, Cincinnati",39.10 N 84.51 W,Metagenome-Human-Stool,WGS,METAGENOMIC,size fractionation,paired,ILLUMINA,NovaSeq 6000,SMARTeR Pico Mammalian,fastq,,733_3_RNA_R1.fastq.gz,733_3_RNA_R2.fastq.gz,,,,,,
RMS_3_1_RNA,metagenome,Homo sapiens,stool,8/21/2017,Khandelwal Viromics Study,"USA: Ohio, Cincinnati",39.10 N 84.51 W,Metagenome-Human-Stool,WGS,METAGENOMIC,size fractionation,paired,ILLUMINA,NovaSeq 6000,SMARTeR Pico Mammalian,fastq,,RMS_3_1_RNA_R1.fastq.gz,RMS_3_1_RNA_R2.fastq.gz,,,,,,
RMS_3_2_RNA,metagenome,Homo sapiens,stool,10/9/2017,Khandelwal Viromics Study,"USA: Ohio, Cincinnati",39.10 N 84.51 W,Metagenome-Human-Stool,WGS,METAGENOMIC,size fractionation,paired,ILLUMINA,NovaSeq 6000,SMARTeR Pico Mammalian,fastq,,RMS_3_2_RNA_R1.fastq.gz,RMS_3_2_RNA_R2.fastq.gz,,,,,,
RMS_3_3_RNA,metagenome,Homo sapiens,stool,12/28/2017,Khandelwal Viromics Study,"USA: Ohio, Cincinnati",39.10 N 84.51 W,Metagenome-Human-Stool,WGS,METAGENOMIC,size fractionation,paired,ILLUMINA,NovaSeq 6000,SMARTeR Pico Mammalian,fastq,,RMS_3_3_RNA_R1.fastq.gz,RMS_3_3_RNA_R2.fastq.gz,,,,,,
RMS_11_1_RNA,metagenome,Homo sapiens,stool,8/21/2017,Khandelwal Viromics Study,"USA: Ohio, Cincinnati",39.10 N 84.51 W,Metagenome-Human-Stool,WGS,METAGENOMIC,size fractionation,paired,ILLUMINA,NovaSeq 6000,SMARTeR Pico Mammalian,fastq,,RMS_11_1_RNA_R1.fastq.gz,RMS_11_1_RNA_R2.fastq.gz,,,,,,
RMS_11_2_RNA,metagenome,Homo sapiens,stool,10/4/2017,Khandelwal Viromics Study,"USA: Ohio, Cincinnati",39.10 N 84.51 W,Metagenome-Human-Stool,WGS,METAGENOMIC,size fractionation,paired,ILLUMINA,NovaSeq 6000,SMARTeR Pico Mammalian,fastq,,RMS_11_2_RNA_R1.fastq.gz,RMS_11_2_RNA_R2.fastq.gz,,,,,,
RMS_11_3_RNA,metagenome,Homo sapiens,stool,12/28/2017,Khandelwal Viromics Study,"USA: Ohio, Cincinnati",39.10 N 84.51 W,Metagenome-Human-Stool,WGS,METAGENOMIC,size fractionation,paired,ILLUMINA,NovaSeq 6000,SMARTeR Pico Mammalian,fastq,,RMS_11_3_RNA_R1.fastq.gz,RMS_11_3_RNA_R2.fastq.gz,,,,,,
RMS_17_1_RNA,metagenome,Homo sapiens,stool,8/22/2017,Khandelwal Viromics Study,"USA: Ohio, Cincinnati",39.10 N 84.51 W,Metagenome-Human-Stool,WGS,METAGENOMIC,size fractionation,paired,ILLUMINA,NovaSeq 6000,SMARTeR Pico Mammalian,fastq,,RMS_17_1_RNA_R1.fastq.gz,RMS_17_1_RNA_R2.fastq.gz,,,,,,
RMS_17_2_RNA,metagenome,Homo sapiens,stool,10/11/2017,Khandelwal Viromics Study,"USA: Ohio, Cincinnati",39.10 N 84.51 W,Metagenome-Human-Stool,WGS,METAGENOMIC,size fractionation,paired,ILLUMINA,NovaSeq 6000,SMARTeR Pico Mammalian,fastq,,RMS_17_2_RNA_R1.fastq.gz,RMS_17_2_RNA_R2.fastq.gz,,,,,,
RMS_17_3_RNA,metagenome,Homo sapiens,stool,12/28/2017,Khandelwal Viromics Study,"USA: Ohio, Cincinnati",39.10 N 84.51 W,Metagenome-Human-Stool,WGS,METAGENOMIC,size fractionation,paired,ILLUMINA,NovaSeq 6000,SMARTeR Pico Mammalian,fastq,,RMS_17_3_RNA_R1.fastq.gz,RMS_17_3_RNA_R2.fastq.gz,,,,,,
176_1_RNA,metagenome,Homo sapiens,stool,8/23/2017,Khandelwal Viromics Study,"USA: Ohio, Cincinnati",39.10 N 84.51 W,Metagenome-Human-Stool,WGS,METAGENOMIC,size fractionation,paired,ILLUMINA,NovaSeq 6000,SMARTeR Pico Mammalian,fastq,,176_1_RNA_R1.fastq.gz,176_1_RNA_R2.fastq.gz,,,,,,
176_2_RNA,metagenome,Homo sapiens,stool,6/21/2017,Khandelwal Viromics Study,"USA: Ohio, Cincinnati",39.10 N 84.51 W,Metagenome-Human-Stool,WGS,METAGENOMIC,size fractionation,paired,ILLUMINA,NovaSeq 6000,SMARTeR Pico Mammalian,fastq,,176_2_RNA_R1.fastq.gz,176_2_RNA_R2.fastq.gz,,,,,,
176_3_RNA,metagenome,Homo sapiens,stool,6/25/2017,Khandelwal Viromics Study,"USA: Ohio, Cincinnati",39.10 N 84.51 W,Metagenome-Human-Stool,WGS,METAGENOMIC,size fractionation,paired,ILLUMINA,NovaSeq 6000,SMARTeR Pico Mammalian,fastq,,176_3_RNA_R1.fastq.gz,176_3_RNA_R2.fastq.gz,,,,,,
176_4_RNA,metagenome,Homo sapiens,stool,11/7/2017,Khandelwal Viromics Study,"USA: Ohio, Cincinnati",39.10 N 84.51 W,Metagenome-Human-Stool,WGS,METAGENOMIC,size fractionation,paired,ILLUMINA,NovaSeq 6000,SMARTeR Pico Mammalian,fastq,,176_4_RNA_R1.fastq.gz,176_4_RNA_R2.fastq.gz,,,,,,
611_1_RNA,metagenome,Homo sapiens,stool,10/22/2017,Khandelwal Viromics Study,"USA: Ohio, Cincinnati",39.10 N 84.51 W,Metagenome-Human-Stool,WGS,METAGENOMIC,size fractionation,paired,ILLUMINA,NovaSeq 6000,SMARTeR Pico Mammalian,fastq,,611_1_RNA_R1.fastq.gz,611_1_RNA_R2.fastq.gz,,,,,,
611_2_RNA,metagenome,Homo sapiens,stool,1/23/2018,Khandelwal Viromics Study,"USA: Ohio, Cincinnati",39.10 N 84.51 W,Metagenome-Human-Stool,WGS,METAGENOMIC,size fractionation,paired,ILLUMINA,NovaSeq 6000,SMARTeR Pico Mammalian,fastq,,611_2_RNA_R1.fastq.gz,611_2_RNA_R2.fastq.gz,,,,,,
611_3_RNA,metagenome,Homo sapiens,stool,8/29/2017,Khandelwal Viromics Study,"USA: Ohio, Cincinnati",39.10 N 84.51 W,Metagenome-Human-Stool,WGS,METAGENOMIC,size fractionation,paired,ILLUMINA,NovaSeq 6000,SMARTeR Pico Mammalian,fastq,,611_3_RNA_R1.fastq.gz,611_3_RNA_R2.fastq.gz,,,,,,
720_1_RNA,metagenome,Homo sapiens,stool,10/24/2017,Khandelwal Viromics Study,"USA: Ohio, Cincinnati",39.10 N 84.51 W,Metagenome-Human-Stool,WGS,METAGENOMIC,size fractionation,paired,ILLUMINA,NovaSeq 6000,SMARTeR Pico Mammalian,fastq,,720_1_RNA_R1.fastq.gz,720_1_RNA_R2.fastq.gz,,,,,,
720_2_RNA,metagenome,Homo sapiens,stool,1/21/2018,Khandelwal Viromics Study,"USA: Ohio, Cincinnati",39.10 N 84.51 W,Metagenome-Human-Stool,WGS,METAGENOMIC,size fractionation,paired,ILLUMINA,NovaSeq 6000,SMARTeR Pico Mammalian,fastq,,720_2_RNA_R1.fastq.gz,720_2_RNA_R2.fastq.gz,,,,,,
720_3_RNA,metagenome,Homo sapiens,stool,8/31/2017,Khandelwal Viromics Study,"USA: Ohio, Cincinnati",39.10 N 84.51 W,Metagenome-Human-Stool,WGS,METAGENOMIC,size fractionation,paired,ILLUMINA,NovaSeq 6000,SMARTeR Pico Mammalian,fastq,,720_3_RNA_R1.fastq.gz,720_3_RNA_R2.fastq.gz,,,,,,
720_4_RNA,metagenome,Homo sapiens,stool,8/30/2017,Khandelwal Viromics Study,"USA: Ohio, Cincinnati",39.10 N 84.51 W,Metagenome-Human-Stool,WGS,METAGENOMIC,size fractionation,paired,ILLUMINA,NovaSeq 6000,SMARTeR Pico Mammalian,fastq,,720_4_RNA_R1.fastq.gz,720_4_RNA_R2.fastq.gz,,,,,,
720_5_RNA,metagenome,Homo sapiens,stool,10/29/2017,Khandelwal Viromics Study,"USA: Ohio, Cincinnati",39.10 N 84.51 W,Metagenome-Human-Stool,WGS,METAGENOMIC,size fractionation,paired,ILLUMINA,NovaSeq 6000,SMARTeR Pico Mammalian,fastq,,720_5_RNA_R1.fastq.gz,720_5_RNA_R2.fastq.gz,,,,,,
RMS_29_1_RNA,metagenome,Homo sapiens,stool,8/31/2017,Khandelwal Viromics Study,"USA: Ohio, Cincinnati",39.10 N 84.51 W,Metagenome-Human-Stool,WGS,METAGENOMIC,size fractionation,paired,ILLUMINA,NovaSeq 6000,SMARTeR Pico Mammalian,fastq,,RMS_29_1_RNA_R1.fastq.gz,RMS_29_1_RNA_R2.fastq.gz,,,,,,
RMS_29_2_RNA,metagenome,Homo sapiens,stool,10/29/2017,Khandelwal Viromics Study,"USA: Ohio, Cincinnati",39.10 N 84.51 W,Metagenome-Human-Stool,WGS,METAGENOMIC,size fractionation,paired,ILLUMINA,NovaSeq 6000,SMARTeR Pico Mammalian,fastq,,RMS_29_2_RNA_R1.fastq.gz,RMS_29_2_RNA_R2.fastq.gz,,,,,,
RMS_29_3_RNA,metagenome,Homo sapiens,stool,9/3/2017,Khandelwal Viromics Study,"USA: Ohio, Cincinnati",39.10 N 84.51 W,Metagenome-Human-Stool,WGS,METAGENOMIC,size fractionation,paired,ILLUMINA,NovaSeq 6000,SMARTeR Pico Mammalian,fastq,,RMS_29_3_RNA_R1.fastq.gz,RMS_29_3_RNA_R2.fastq.gz,,,,,,
RMS_38_1_RNA,metagenome,Homo sapiens,stool,10/29/2017,Khandelwal Viromics Study,"USA: Ohio, Cincinnati",39.10 N 84.51 W,Metagenome-Human-Stool,WGS,METAGENOMIC,size fractionation,paired,ILLUMINA,NovaSeq 6000,SMARTeR Pico Mammalian,fastq,,RMS_38_1_RNA_R1.fastq.gz,RMS_38_1_RNA_R2.fastq.gz,,,,,,
RMS_38_2_RNA,metagenome,Homo sapiens,stool,9/4/2017,Khandelwal Viromics Study,"USA: Ohio, Cincinnati",39.10 N 84.51 W,Metagenome-Human-Stool,WGS,METAGENOMIC,size fractionation,paired,ILLUMINA,NovaSeq 6000,SMARTeR Pico Mammalian,fastq,,RMS_38_2_RNA_R1.fastq.gz,RMS_38_2_RNA_R2.fastq.gz,,,,,,
RMS_38_3_RNA,metagenome,Homo sapiens,stool,10/30/2017,Khandelwal Viromics Study,"USA: Ohio, Cincinnati",39.10 N 84.51 W,Metagenome-Human-Stool,WGS,METAGENOMIC,size fractionation,paired,ILLUMINA,NovaSeq 6000,SMARTeR Pico Mammalian,fastq,,RMS_38_3_RNA_R1.fastq.gz,RMS_38_3_RNA_R2.fastq.gz,,,,,,
RMS_39_1_RNA,metagenome,Homo sapiens,stool,9/6/2017,Khandelwal Viromics Study,"USA: Ohio, Cincinnati",39.10 N 84.51 W,Metagenome-Human-Stool,WGS,METAGENOMIC,size fractionation,paired,ILLUMINA,NovaSeq 6000,SMARTeR Pico Mammalian,fastq,,RMS_39_1_RNA_R1.fastq.gz,RMS_39_1_RNA_R2.fastq.gz,,,,,,
RMS_39_2_RNA,metagenome,Homo sapiens,stool,11/1/2017,Khandelwal Viromics Study,"USA: Ohio, Cincinnati",39.10 N 84.51 W,Metagenome-Human-Stool,WGS,METAGENOMIC,size fractionation,paired,ILLUMINA,NovaSeq 6000,SMARTeR Pico Mammalian,fastq,,RMS_39_2_RNA_R1.fastq.gz,RMS_39_2_RNA_R2.fastq.gz,,,,,,
RMS_39_3_RNA,metagenome,Homo sapiens,stool,9/6/2017,Khandelwal Viromics Study,"USA: Ohio, Cincinnati",39.10 N 84.51 W,Metagenome-Human-Stool,WGS,METAGENOMIC,size fractionation,paired,ILLUMINA,NovaSeq 6000,SMARTeR Pico Mammalian,fastq,,RMS_39_3_RNA_R1.fastq.gz,RMS_39_3_RNA_R2.fastq.gz,,,,,,
RMS_39_4_RNA,metagenome,Homo sapiens,stool,9/10/2017,Khandelwal Viromics Study,"USA: Ohio, Cincinnati",39.10 N 84.51 W,Metagenome-Human-Stool,WGS,METAGENOMIC,size fractionation,paired,ILLUMINA,NovaSeq 6000,SMARTeR Pico Mammalian,fastq,,RMS_39_4_RNA_R1.fastq.gz,RMS_39_4_RNA_R2.fastq.gz,,,,,,
RMS_39_5_RNA,metagenome,Homo sapiens,stool,11/20/2017,Khandelwal Viromics Study,"USA: Ohio, Cincinnati",39.10 N 84.51 W,Metagenome-Human-Stool,WGS,METAGENOMIC,size fractionation,paired,ILLUMINA,NovaSeq 6000,SMARTeR Pico Mammalian,fastq,,RMS_39_5_RNA_R1.fastq.gz,RMS_39_5_RNA_R2.fastq.gz,,,,,,
507_1_RNA,metagenome,Homo sapiens,stool,6/27/2017,Khandelwal Viromics Study,"USA: Ohio, Cincinnati",39.10 N 84.51 W,Metagenome-Human-Stool,WGS,METAGENOMIC,size fractionation,paired,ILLUMINA,NovaSeq 6000,SMARTeR Pico Mammalian,fastq,,507_1_RNA_R1.fastq.gz,507_1_RNA_R2.fastq.gz,,,,,,
507_2_RNA,metagenome,Homo sapiens,stool,11/27/2017,Khandelwal Viromics Study,"USA: Ohio, Cincinnati",39.10 N 84.51 W,Metagenome-Human-Stool,WGS,METAGENOMIC,size fractionation,paired,ILLUMINA,NovaSeq 6000,SMARTeR Pico Mammalian,fastq,,507_2_RNA_R1.fastq.gz,507_2_RNA_R2.fastq.gz,,,,,,
507_3_RNA,metagenome,Homo sapiens,stool,8/9/2017,Khandelwal Viromics Study,"USA: Ohio, Cincinnati",39.10 N 84.51 W,Metagenome-Human-Stool,WGS,METAGENOMIC,size fractionation,paired,ILLUMINA,NovaSeq 6000,SMARTeR Pico Mammalian,fastq,,507_3_RNA_R1.fastq.gz,507_3_RNA_R2.fastq.gz,,,,,,
132_1_RNA,metagenome,Homo sapiens,stool,8/9/2017,Khandelwal Viromics Study,"USA: Ohio, Cincinnati",39.10 N 84.51 W,Metagenome-Human-Stool,WGS,METAGENOMIC,size fractionation,paired,ILLUMINA,NovaSeq 6000,SMARTeR Pico Mammalian,fastq,,132_1_RNA_R1.fastq.gz,132_1_RNA_R2.fastq.gz,,,,,,
132_2_RNA,metagenome,Homo sapiens,stool,11/10/2017,Khandelwal Viromics Study,"USA: Ohio, Cincinnati",39.10 N 84.51 W,Metagenome-Human-Stool,WGS,METAGENOMIC,size fractionation,paired,ILLUMINA,NovaSeq 6000,SMARTeR Pico Mammalian,fastq,,132_2_RNA_R1.fastq.gz,132_2_RNA_R2.fastq.gz,,,,,,
132_4_RNA,metagenome,Homo sapiens,stool,6/20/2017,Khandelwal Viromics Study,"USA: Ohio, Cincinnati",39.10 N 84.51 W,Metagenome-Human-Stool,WGS,METAGENOMIC,size fractionation,paired,ILLUMINA,NovaSeq 6000,SMARTeR Pico Mammalian,fastq,,132_4_RNA_R1.fastq.gz,132_4_RNA_R2.fastq.gz,,,,,,
641_1_RNA,metagenome,Homo sapiens,stool,11/12/2017,Khandelwal Viromics Study,"USA: Ohio, Cincinnati",39.10 N 84.51 W,Metagenome-Human-Stool,WGS,METAGENOMIC,size fractionation,paired,ILLUMINA,NovaSeq 6000,SMARTeR Pico Mammalian,fastq,,641_1_RNA_R1.fastq.gz,641_1_RNA_R2.fastq.gz,,,,,,
641_2_RNA,metagenome,Homo sapiens,stool,11/14/2017,Khandelwal Viromics Study,"USA: Ohio, Cincinnati",39.10 N 84.51 W,Metagenome-Human-Stool,WGS,METAGENOMIC,size fractionation,paired,ILLUMINA,NovaSeq 6000,SMARTeR Pico Mammalian,fastq,,641_2_RNA_R1.fastq.gz,641_2_RNA_R2.fastq.gz,,,,,,
641_4_RNA,metagenome,Homo sapiens,stool,6/23/2017,Khandelwal Viromics Study,"USA: Ohio, Cincinnati",39.10 N 84.51 W,Metagenome-Human-Stool,WGS,METAGENOMIC,size fractionation,paired,ILLUMINA,NovaSeq 6000,SMARTeR Pico Mammalian,fastq,,641_4_RNA_R1.fastq.gz,641_4_RNA_R2.fastq.gz,,,,,,
RMS_42_1_RNA,metagenome,Homo sapiens,stool,11/14/2017,Khandelwal Viromics Study,"USA: Ohio, Cincinnati",39.10 N 84.51 W,Metagenome-Human-Stool,WGS,METAGENOMIC,size fractionation,paired,ILLUMINA,NovaSeq 6000,SMARTeR Pico Mammalian,fastq,,RMS_42_1_RNA_R1.fastq.gz,RMS_42_1_RNA_R2.fastq.gz,,,,,,
RMS_42_3_RNA,metagenome,Homo sapiens,stool,6/28/2017,Khandelwal Viromics Study,"USA: Ohio, Cincinnati",39.10 N 84.51 W,Metagenome-Human-Stool,WGS,METAGENOMIC,size fractionation,paired,ILLUMINA,NovaSeq 6000,SMARTeR Pico Mammalian,fastq,,RMS_42_3_RNA_R1.fastq.gz,RMS_42_3_RNA_R2.fastq.gz,,,,,,
297_1_RNA,metagenome,Homo sapiens,stool,11/17/2017,Khandelwal Viromics Study,"USA: Ohio, Cincinnati",39.10 N 84.51 W,Metagenome-Human-Stool,WGS,METAGENOMIC,size fractionation,paired,ILLUMINA,NovaSeq 6000,SMARTeR Pico Mammalian,fastq,,297_1_RNA_R1.fastq.gz,297_1_RNA_R2.fastq.gz,,,,,,
297_2_RNA,metagenome,Homo sapiens,stool,6/22/2017,Khandelwal Viromics Study,"USA: Ohio, Cincinnati",39.10 N 84.51 W,Metagenome-Human-Stool,WGS,METAGENOMIC,size fractionation,paired,ILLUMINA,NovaSeq 6000,SMARTeR Pico Mammalian,fastq,,297_2_RNA_R1.fastq.gz,297_2_RNA_R2.fastq.gz,,,,,,
297_3_RNA,metagenome,Homo sapiens,stool,11/16/2017,Khandelwal Viromics Study,"USA: Ohio, Cincinnati",39.10 N 84.51 W,Metagenome-Human-Stool,WGS,METAGENOMIC,size fractionation,paired,ILLUMINA,NovaSeq 6000,SMARTeR Pico Mammalian,fastq,,297_3_RNA_R1.fastq.gz,297_3_RNA_R2.fastq.gz,,,,,,
297_4_RNA,metagenome,Homo sapiens,stool,6/28/2017,Khandelwal Viromics Study,"USA: Ohio, Cincinnati",39.10 N 84.51 W,Metagenome-Human-Stool,WGS,METAGENOMIC,size fractionation,paired,ILLUMINA,NovaSeq 6000,SMARTeR Pico Mammalian,fastq,,297_4_RNA_R1.fastq.gz,297_4_RNA_R2.fastq.gz,,,,,,
317_1_RNA,metagenome,Homo sapiens,stool,6/27/2017,Khandelwal Viromics Study,"USA: Ohio, Cincinnati",39.10 N 84.51 W,Metagenome-Human-Stool,WGS,METAGENOMIC,size fractionation,paired,ILLUMINA,NovaSeq 6000,SMARTeR Pico Mammalian,fastq,,317_1_RNA_R1.fastq.gz,317_1_RNA_R2.fastq.gz,,,,,,
317_2_RNA,metagenome,Homo sapiens,stool,11/26/2017,Khandelwal Viromics Study,"USA: Ohio, Cincinnati",39.10 N 84.51 W,Metagenome-Human-Stool,WGS,METAGENOMIC,size fractionation,paired,ILLUMINA,NovaSeq 6000,SMARTeR Pico Mammalian,fastq,,317_2_RNA_R1.fastq.gz,317_2_RNA_R2.fastq.gz,,,,,,
317_3_RNA,metagenome,Homo sapiens,stool,6/28/2017,Khandelwal Viromics Study,"USA: Ohio, Cincinnati",39.10 N 84.51 W,Metagenome-Human-Stool,WGS,METAGENOMIC,size fractionation,paired,ILLUMINA,NovaSeq 6000,SMARTeR Pico Mammalian,fastq,,317_3_RNA_R1.fastq.gz,317_3_RNA_R2.fastq.gz,,,,,,
344_1_RNA,metagenome,Homo sapiens,stool,11/20/2017,Khandelwal Viromics Study,"USA: Ohio, Cincinnati",39.10 N 84.51 W,Metagenome-Human-Stool,WGS,METAGENOMIC,size fractionation,paired,ILLUMINA,NovaSeq 6000,SMARTeR Pico Mammalian,fastq,,344_1_RNA_R1.fastq.gz,344_1_RNA_R2.fastq.gz,,,,,,
344_2_RNA,metagenome,Homo sapiens,stool,6/27/2017,Khandelwal Viromics Study,"USA: Ohio, Cincinnati",39.10 N 84.51 W,Metagenome-Human-Stool,WGS,METAGENOMIC,size fractionation,paired,ILLUMINA,NovaSeq 6000,SMARTeR Pico Mammalian,fastq,,344_2_RNA_R1.fastq.gz,344_2_RNA_R2.fastq.gz,,,,,,
344_3_RNA,metagenome,Homo sapiens,stool,9/26/2016,Khandelwal Viromics Study,"USA: Ohio, Cincinnati",39.10 N 84.51 W,Metagenome-Human-Stool,WGS,METAGENOMIC,size fractionation,paired,ILLUMINA,NovaSeq 6000,SMARTeR Pico Mammalian,fastq,,344_3_RNA_R1.fastq.gz,344_3_RNA_R2.fastq.gz,,,,,,
510_1_RNA,metagenome,Homo sapiens,stool,9/27/2016,Khandelwal Viromics Study,"USA: Ohio, Cincinnati",39.10 N 84.51 W,Metagenome-Human-Stool,WGS,METAGENOMIC,size fractionation,paired,ILLUMINA,NovaSeq 6000,SMARTeR Pico Mammalian,fastq,,510_1_RNA_R1.fastq.gz,510_1_RNA_R2.fastq.gz,,,,,,
510_2_RNA,metagenome,Homo sapiens,stool,9/13/2016,Khandelwal Viromics Study,"USA: Ohio, Cincinnati",39.10 N 84.51 W,Metagenome-Human-Stool,WGS,METAGENOMIC,size fractionation,paired,ILLUMINA,NovaSeq 6000,SMARTeR Pico Mammalian,fastq,,510_2_RNA_R1.fastq.gz,510_2_RNA_R2.fastq.gz,,,,,,
510_3_RNA,metagenome,Homo sapiens,stool,9/14/2016,Khandelwal Viromics Study,"USA: Ohio, Cincinnati",39.10 N 84.51 W,Metagenome-Human-Stool,WGS,METAGENOMIC,size fractionation,paired,ILLUMINA,NovaSeq 6000,SMARTeR Pico Mammalian,fastq,,510_3_RNA_R1.fastq.gz,510_3_RNA_R2.fastq.gz,,,,,,
550_1_RNA,metagenome,Homo sapiens,stool,9/27/2016,Khandelwal Viromics Study,"USA: Ohio, Cincinnati",39.10 N 84.51 W,Metagenome-Human-Stool,WGS,METAGENOMIC,size fractionation,paired,ILLUMINA,NovaSeq 6000,SMARTeR Pico Mammalian,fastq,,550_1_RNA_R1.fastq.gz,550_1_RNA_R2.fastq.gz,,,,,,
550_2_RNA,metagenome,Homo sapiens,stool,9/26/2016,Khandelwal Viromics Study,"USA: Ohio, Cincinnati",39.10 N 84.51 W,Metagenome-Human-Stool,WGS,METAGENOMIC,size fractionation,paired,ILLUMINA,NovaSeq 6000,SMARTeR Pico Mammalian,fastq,,550_2_RNA_R1.fastq.gz,550_2_RNA_R2.fastq.gz,,,,,,
550_3_RNA,metagenome,Homo sapiens,stool,10/5/2016,Khandelwal Viromics Study,"USA: Ohio, Cincinnati",39.10 N 84.51 W,Metagenome-Human-Stool,WGS,METAGENOMIC,size fractionation,paired,ILLUMINA,NovaSeq 6000,SMARTeR Pico Mammalian,fastq,,550_3_RNA_R1.fastq.gz,550_3_RNA_R2.fastq.gz,,,,,,
550_4_RNA,metagenome,Homo sapiens,stool,10/25/2016,Khandelwal Viromics Study,"USA: Ohio, Cincinnati",39.10 N 84.51 W,Metagenome-Human-Stool,WGS,METAGENOMIC,size fractionation,paired,ILLUMINA,NovaSeq 6000,SMARTeR Pico Mammalian,fastq,,550_4_RNA_R1.fastq.gz,550_4_RNA_R2.fastq.gz,,,,,,
552_1_RNA,metagenome,Homo sapiens,stool,9/21/2016,Khandelwal Viromics Study,"USA: Ohio, Cincinnati",39.10 N 84.51 W,Metagenome-Human-Stool,WGS,METAGENOMIC,size fractionation,paired,ILLUMINA,NovaSeq 6000,SMARTeR Pico Mammalian,fastq,,552_1_RNA_R1.fastq.gz,552_1_RNA_R2.fastq.gz,,,,,,
552_2_RNA,metagenome,Homo sapiens,stool,10/27/2016,Khandelwal Viromics Study,"USA: Ohio, Cincinnati",39.10 N 84.51 W,Metagenome-Human-Stool,WGS,METAGENOMIC,size fractionation,paired,ILLUMINA,NovaSeq 6000,SMARTeR Pico Mammalian,fastq,,552_2_RNA_R1.fastq.gz,552_2_RNA_R2.fastq.gz,,,,,,
552_3_RNA,metagenome,Homo sapiens,stool,11/21/2016,Khandelwal Viromics Study,"USA: Ohio, Cincinnati",39.10 N 84.51 W,Metagenome-Human-Stool,WGS,METAGENOMIC,size fractionation,paired,ILLUMINA,NovaSeq 6000,SMARTeR Pico Mammalian,fastq,,552_3_RNA_R1.fastq.gz,552_3_RNA_R2.fastq.gz,,,,,,
552_4_RNA,metagenome,Homo sapiens,stool,12/5/2016,Khandelwal Viromics Study,"USA: Ohio, Cincinnati",39.10 N 84.51 W,Metagenome-Human-Stool,WGS,METAGENOMIC,size fractionation,paired,ILLUMINA,NovaSeq 6000,SMARTeR Pico Mammalian,fastq,,552_4_RNA_R1.fastq.gz,552_4_RNA_R2.fastq.gz,,,,,,
554_1_RNA,metagenome,Homo sapiens,stool,11/7/2016,Khandelwal Viromics Study,"USA: Ohio, Cincinnati",39.10 N 84.51 W,Metagenome-Human-Stool,WGS,METAGENOMIC,size fractionation,paired,ILLUMINA,NovaSeq 6000,SMARTeR Pico Mammalian,fastq,,554_1_RNA_R1.fastq.gz,554_1_RNA_R2.fastq.gz,,,,,,
554_2_RNA,metagenome,Homo sapiens,stool,10/25/2016,Khandelwal Viromics Study,"USA: Ohio, Cincinnati",39.10 N 84.51 W,Metagenome-Human-Stool,WGS,METAGENOMIC,size fractionation,paired,ILLUMINA,NovaSeq 6000,SMARTeR Pico Mammalian,fastq,,554_2_RNA_R1.fastq.gz,554_2_RNA_R2.fastq.gz,,,,,,
554_3_RNA,metagenome,Homo sapiens,stool,11/9/2016,Khandelwal Viromics Study,"USA: Ohio, Cincinnati",39.10 N 84.51 W,Metagenome-Human-Stool,WGS,METAGENOMIC,size fractionation,paired,ILLUMINA,NovaSeq 6000,SMARTeR Pico Mammalian,fastq,,554_3_RNA_R1.fastq.gz,554_3_RNA_R2.fastq.gz,,,,,,
554_4_RNA,metagenome,Homo sapiens,stool,10/26/2016,Khandelwal Viromics Study,"USA: Ohio, Cincinnati",39.10 N 84.51 W,Metagenome-Human-Stool,WGS,METAGENOMIC,size fractionation,paired,ILLUMINA,NovaSeq 6000,SMARTeR Pico Mammalian,fastq,,554_4_RNA_R1.fastq.gz,554_4_RNA_R2.fastq.gz,,,,,,
562_1_RNA,metagenome,Homo sapiens,stool,10/24/2016,Khandelwal Viromics Study,"USA: Ohio, Cincinnati",39.10 N 84.51 W,Metagenome-Human-Stool,WGS,METAGENOMIC,size fractionation,paired,ILLUMINA,NovaSeq 6000,SMARTeR Pico Mammalian,fastq,,562_1_RNA_R1.fastq.gz,562_1_RNA_R2.fastq.gz,,,,,,
562_2_RNA,metagenome,Homo sapiens,stool,11/8/2016,Khandelwal Viromics Study,"USA: Ohio, Cincinnati",39.10 N 84.51 W,Metagenome-Human-Stool,WGS,METAGENOMIC,size fractionation,paired,ILLUMINA,NovaSeq 6000,SMARTeR Pico Mammalian,fastq,,562_2_RNA_R1.fastq.gz,562_2_RNA_R2.fastq.gz,,,,,,
562_3_RNA,metagenome,Homo sapiens,stool,12/4/2016,Khandelwal Viromics Study,"USA: Ohio, Cincinnati",39.10 N 84.51 W,Metagenome-Human-Stool,WGS,METAGENOMIC,size fractionation,paired,ILLUMINA,NovaSeq 6000,SMARTeR Pico Mammalian,fastq,,562_3_RNA_R1.fastq.gz,562_3_RNA_R2.fastq.gz,,,,,,
565_1_RNA,metagenome,Homo sapiens,stool,11/15/2016,Khandelwal Viromics Study,"USA: Ohio, Cincinnati",39.10 N 84.51 W,Metagenome-Human-Stool,WGS,METAGENOMIC,size fractionation,paired,ILLUMINA,NovaSeq 6000,SMARTeR Pico Mammalian,fastq,,565_1_RNA_R1.fastq.gz,565_1_RNA_R2.fastq.gz,,,,,,
565_2_RNA,metagenome,Homo sapiens,stool,11/13/2016,Khandelwal Viromics Study,"USA: Ohio, Cincinnati",39.10 N 84.51 W,Metagenome-Human-Stool,WGS,METAGENOMIC,size fractionation,paired,ILLUMINA,NovaSeq 6000,SMARTeR Pico Mammalian,fastq,,565_2_RNA_R1.fastq.gz,565_2_RNA_R2.fastq.gz,,,,,,
565_3_RNA,metagenome,Homo sapiens,stool,11/21/2016,Khandelwal Viromics Study,"USA: Ohio, Cincinnati",39.10 N 84.51 W,Metagenome-Human-Stool,WGS,METAGENOMIC,size fractionation,paired,ILLUMINA,NovaSeq 6000,SMARTeR Pico Mammalian,fastq,,565_3_RNA_R1.fastq.gz,565_3_RNA_R2.fastq.gz,,,,,,
579_1_RNA,metagenome,Homo sapiens,stool,11/21/2016,Khandelwal Viromics Study,"USA: Ohio, Cincinnati",39.10 N 84.51 W,Metagenome-Human-Stool,WGS,METAGENOMIC,size fractionation,paired,ILLUMINA,NovaSeq 6000,SMARTeR Pico Mammalian,fastq,,579_1_RNA_R1.fastq.gz,579_1_RNA_R2.fastq.gz,,,,,,
579_2_RNA,metagenome,Homo sapiens,stool,11/21/2016,Khandelwal Viromics Study,"USA: Ohio, Cincinnati",39.10 N 84.51 W,Metagenome-Human-Stool,WGS,METAGENOMIC,size fractionation,paired,ILLUMINA,NovaSeq 6000,SMARTeR Pico Mammalian,fastq,,579_2_RNA_R1.fastq.gz,579_2_RNA_R2.fastq.gz,,,,,,
579_3_RNA,metagenome,Homo sapiens,stool,11/21/2016,Khandelwal Viromics Study,"USA: Ohio, Cincinnati",39.10 N 84.51 W,Metagenome-Human-Stool,WGS,METAGENOMIC,size fractionation,paired,ILLUMINA,NovaSeq 6000,SMARTeR Pico Mammalian,fastq,,579_3_RNA_R1.fastq.gz,579_3_RNA_R2.fastq.gz,,,,,,
579_4_RNA,metagenome,Homo sapiens,stool,11/21/2016,Khandelwal Viromics Study,"USA: Ohio, Cincinnati",39.10 N 84.51 W,Metagenome-Human-Stool,WGS,METAGENOMIC,size fractionation,paired,ILLUMINA,NovaSeq 6000,SMARTeR Pico Mammalian,fastq,,579_4_RNA_R1.fastq.gz,579_4_RNA_R2.fastq.gz,,,,,,
579_5_RNA,metagenome,Homo sapiens,stool,11/21/2016,Khandelwal Viromics Study,"USA: Ohio, Cincinnati",39.10 N 84.51 W,Metagenome-Human-Stool,WGS,METAGENOMIC,size fractionation,paired,ILLUMINA,NovaSeq 6000,SMARTeR Pico Mammalian,fastq,,579_5_RNA_R1.fastq.gz,579_5_RNA_R2.fastq.gz,,,,,,
583_1_RNA,metagenome,Homo sapiens,stool,11/21/2016,Khandelwal Viromics Study,"USA: Ohio, Cincinnati",39.10 N 84.51 W,Metagenome-Human-Stool,WGS,METAGENOMIC,size fractionation,paired,ILLUMINA,NovaSeq 6000,SMARTeR Pico Mammalian,fastq,,583_1_RNA_R1.fastq.gz,583_1_RNA_R2.fastq.gz,,,,,,
583_2_RNA,metagenome,Homo sapiens,stool,11/21/2016,Khandelwal Viromics Study,"USA: Ohio, Cincinnati",39.10 N 84.51 W,Metagenome-Human-Stool,WGS,METAGENOMIC,size fractionation,paired,ILLUMINA,NovaSeq 6000,SMARTeR Pico Mammalian,fastq,,583_2_RNA_R1.fastq.gz,583_2_RNA_R2.fastq.gz,,,,,,
583_3_RNA,metagenome,Homo sapiens,stool,11/21/2016,Khandelwal Viromics Study,"USA: Ohio, Cincinnati",39.10 N 84.51 W,Metagenome-Human-Stool,WGS,METAGENOMIC,size fractionation,paired,ILLUMINA,NovaSeq 6000,SMARTeR Pico Mammalian,fastq,,583_3_RNA_R1.fastq.gz,583_3_RNA_R2.fastq.gz,,,,,,
583_4_RNA,metagenome,Homo sapiens,stool,11/21/2016,Khandelwal Viromics Study,"USA: Ohio, Cincinnati",39.10 N 84.51 W,Metagenome-Human-Stool,WGS,METAGENOMIC,size fractionation,paired,ILLUMINA,NovaSeq 6000,SMARTeR Pico Mammalian,fastq,,583_4_RNA_R1.fastq.gz,583_4_RNA_R2.fastq.gz,,,,,,
589_1_RNA,metagenome,Homo sapiens,stool,11/21/2016,Khandelwal Viromics Study,"USA: Ohio, Cincinnati",39.10 N 84.51 W,Metagenome-Human-Stool,WGS,METAGENOMIC,size fractionation,paired,ILLUMINA,NovaSeq 6000,SMARTeR Pico Mammalian,fastq,,589_1_RNA_R1.fastq.gz,589_1_RNA_R2.fastq.gz,,,,,,
589_2_RNA,metagenome,Homo sapiens,stool,11/21/2016,Khandelwal Viromics Study,"USA: Ohio, Cincinnati",39.10 N 84.51 W,Metagenome-Human-Stool,WGS,METAGENOMIC,size fractionation,paired,ILLUMINA,NovaSeq 6000,SMARTeR Pico Mammalian,fastq,,589_2_RNA_R1.fastq.gz,589_2_RNA_R2.fastq.gz,,,,,,
589_3_RNA,metagenome,Homo sapiens,stool,11/21/2016,Khandelwal Viromics Study,"USA: Ohio, Cincinnati",39.10 N 84.51 W,Metagenome-Human-Stool,WGS,METAGENOMIC,size fractionation,paired,ILLUMINA,NovaSeq 6000,SMARTeR Pico Mammalian,fastq,,589_3_RNA_R1.fastq.gz,589_3_RNA_R2.fastq.gz,,,,,,
595_1_RNA,metagenome,Homo sapiens,stool,11/21/2016,Khandelwal Viromics Study,"USA: Ohio, Cincinnati",39.10 N 84.51 W,Metagenome-Human-Stool,WGS,METAGENOMIC,size fractionation,paired,ILLUMINA,NovaSeq 6000,SMARTeR Pico Mammalian,fastq,,595_1_RNA_R1.fastq.gz,595_1_RNA_R2.fastq.gz,,,,,,
595_2_RNA,metagenome,Homo sapiens,stool,11/21/2016,Khandelwal Viromics Study,"USA: Ohio, Cincinnati",39.10 N 84.51 W,Metagenome-Human-Stool,WGS,METAGENOMIC,size fractionation,paired,ILLUMINA,NovaSeq 6000,SMARTeR Pico Mammalian,fastq,,595_2_RNA_R1.fastq.gz,595_2_RNA_R2.fastq.gz,,,,,,
595_3_RNA,metagenome,Homo sapiens,stool,11/21/2016,Khandelwal Viromics Study,"USA: Ohio, Cincinnati",39.10 N 84.51 W,Metagenome-Human-Stool,WGS,METAGENOMIC,size fractionation,paired,ILLUMINA,NovaSeq 6000,SMARTeR Pico Mammalian,fastq,,595_3_RNA_R1.fastq.gz,595_3_RNA_R2.fastq.gz,,,,,,
595_4_RNA,metagenome,Homo sapiens,stool,11/21/2016,Khandelwal Viromics Study,"USA: Ohio, Cincinnati",39.10 N 84.51 W,Metagenome-Human-Stool,WGS,METAGENOMIC,size fractionation,paired,ILLUMINA,NovaSeq 6000,SMARTeR Pico Mammalian,fastq,,595_4_RNA_R1.fastq.gz,595_4_RNA_R2.fastq.gz,,,,,,
595_5_RNA,metagenome,Homo sapiens,stool,11/21/2016,Khandelwal Viromics Study,"USA: Ohio, Cincinnati",39.10 N 84.51 W,Metagenome-Human-Stool,WGS,METAGENOMIC,size fractionation,paired,ILLUMINA,NovaSeq 6000,SMARTeR Pico Mammalian,fastq,,595_5_RNA_R1.fastq.gz,595_5_RNA_R2.fastq.gz,,,,,,
597_2_RNA,metagenome,Homo sapiens,stool,11/21/2016,Khandelwal Viromics Study,"USA: Ohio, Cincinnati",39.10 N 84.51 W,Metagenome-Human-Stool,WGS,METAGENOMIC,size fractionation,paired,ILLUMINA,NovaSeq 6000,SMARTeR Pico Mammalian,fastq,,597_2_RNA_R1.fastq.gz,597_2_RNA_R2.fastq.gz,,,,,,
597_3_RNA,metagenome,Homo sapiens,stool,11/21/2016,Khandelwal Viromics Study,"USA: Ohio, Cincinnati",39.10 N 84.51 W,Metagenome-Human-Stool,WGS,METAGENOMIC,size fractionation,paired,ILLUMINA,NovaSeq 6000,SMARTeR Pico Mammalian,fastq,,597_3_RNA_R1.fastq.gz,597_3_RNA_R2.fastq.gz,,,,,,
597_4_RNA,metagenome,Homo sapiens,stool,11/21/2016,Khandelwal Viromics Study,"USA: Ohio, Cincinnati",39.10 N 84.51 W,Metagenome-Human-Stool,WGS,METAGENOMIC,size fractionation,paired,ILLUMINA,NovaSeq 6000,SMARTeR Pico Mammalian,fastq,,597_4_RNA_R1.fastq.gz,597_4_RNA_R2.fastq.gz,,,,,,
597_5_RNA,metagenome,Homo sapiens,stool,11/21/2016,Khandelwal Viromics Study,"USA: Ohio, Cincinnati",39.10 N 84.51 W,Metagenome-Human-Stool,WGS,METAGENOMIC,size fractionation,paired,ILLUMINA,NovaSeq 6000,SMARTeR Pico Mammalian,fastq,,597_5_RNA_R1.fastq.gz,597_5_RNA_R2.fastq.gz,,,,,,
599_1_RNA,metagenome,Homo sapiens,stool,11/21/2016,Khandelwal Viromics Study,"USA: Ohio, Cincinnati",39.10 N 84.51 W,Metagenome-Human-Stool,WGS,METAGENOMIC,size fractionation,paired,ILLUMINA,NovaSeq 6000,SMARTeR Pico Mammalian,fastq,,599_1_RNA_R1.fastq.gz,599_1_RNA_R2.fastq.gz,,,,,,
599_2_RNA,metagenome,Homo sapiens,stool,11/21/2016,Khandelwal Viromics Study,"USA: Ohio, Cincinnati",39.10 N 84.51 W,Metagenome-Human-Stool,WGS,METAGENOMIC,size fractionation,paired,ILLUMINA,NovaSeq 6000,SMARTeR Pico Mammalian,fastq,,599_2_RNA_R1.fastq.gz,599_2_RNA_R2.fastq.gz,,,,,,
599_3_RNA,metagenome,Homo sapiens,stool,11/21/2016,Khandelwal Viromics Study,"USA: Ohio, Cincinnati",39.10 N 84.51 W,Metagenome-Human-Stool,WGS,METAGENOMIC,size fractionation,paired,ILLUMINA,NovaSeq 6000,SMARTeR Pico Mammalian,fastq,,599_3_RNA_R1.fastq.gz,599_3_RNA_R2.fastq.gz,,,,,,
599_4_RNA,metagenome,Homo sapiens,stool,11/21/2016,Khandelwal Viromics Study,"USA: Ohio, Cincinnati",39.10 N 84.51 W,Metagenome-Human-Stool,WGS,METAGENOMIC,size fractionation,paired,ILLUMINA,NovaSeq 6000,SMARTeR Pico Mammalian,fastq,,599_4_RNA_R1.fastq.gz,599_4_RNA_R2.fastq.gz,,,,,,
640_3_RNA,metagenome,Homo sapiens,stool,11/21/2016,Khandelwal Viromics Study,"USA: Ohio, Cincinnati",39.10 N 84.51 W,Metagenome-Human-Stool,WGS,METAGENOMIC,size fractionation,paired,ILLUMINA,NovaSeq 6000,SMARTeR Pico Mammalian,fastq,,640_3_RNA_R1.fastq.gz,640_3_RNA_R2.fastq.gz,,,,,,
599_5_RNA,metagenome,Homo sapiens,stool,11/21/2016,Khandelwal Viromics Study,"USA: Ohio, Cincinnati",39.10 N 84.51 W,Metagenome-Human-Stool,WGS,METAGENOMIC,size fractionation,paired,ILLUMINA,NovaSeq 6000,SMARTeR Pico Mammalian,fastq,,599_5_RNA_R1.fastq.gz,599_5_RNA_R2.fastq.gz,,,,,,
605_1_RNA,metagenome,Homo sapiens,stool,11/21/2016,Khandelwal Viromics Study,"USA: Ohio, Cincinnati",39.10 N 84.51 W,Metagenome-Human-Stool,WGS,METAGENOMIC,size fractionation,paired,ILLUMINA,NovaSeq 6000,SMARTeR Pico Mammalian,fastq,,605_1_RNA_R1.fastq.gz,605_1_RNA_R2.fastq.gz,,,,,,
605_2_RNA,metagenome,Homo sapiens,stool,11/21/2016,Khandelwal Viromics Study,"USA: Ohio, Cincinnati",39.10 N 84.51 W,Metagenome-Human-Stool,WGS,METAGENOMIC,size fractionation,paired,ILLUMINA,NovaSeq 6000,SMARTeR Pico Mammalian,fastq,,605_2_RNA_R1.fastq.gz,605_2_RNA_R2.fastq.gz,,,,,,
605_3_RNA,metagenome,Homo sapiens,stool,11/21/2016,Khandelwal Viromics Study,"USA: Ohio, Cincinnati",39.10 N 84.51 W,Metagenome-Human-Stool,WGS,METAGENOMIC,size fractionation,paired,ILLUMINA,NovaSeq 6000,SMARTeR Pico Mammalian,fastq,,605_3_RNA_R1.fastq.gz,605_3_RNA_R2.fastq.gz,,,,,,
616_1_RNA,metagenome,Homo sapiens,stool,11/21/2016,Khandelwal Viromics Study,"USA: Ohio, Cincinnati",39.10 N 84.51 W,Metagenome-Human-Stool,WGS,METAGENOMIC,size fractionation,paired,ILLUMINA,NovaSeq 6000,SMARTeR Pico Mammalian,fastq,,616_1_RNA_R1.fastq.gz,616_1_RNA_R2.fastq.gz,,,,,,
616_2_RNA,metagenome,Homo sapiens,stool,11/21/2016,Khandelwal Viromics Study,"USA: Ohio, Cincinnati",39.10 N 84.51 W,Metagenome-Human-Stool,WGS,METAGENOMIC,size fractionation,paired,ILLUMINA,NovaSeq 6000,SMARTeR Pico Mammalian,fastq,,616_2_RNA_R1.fastq.gz,616_2_RNA_R2.fastq.gz,,,,,,
616_3_RNA,metagenome,Homo sapiens,stool,11/21/2016,Khandelwal Viromics Study,"USA: Ohio, Cincinnati",39.10 N 84.51 W,Metagenome-Human-Stool,WGS,METAGENOMIC,size fractionation,paired,ILLUMINA,NovaSeq 6000,SMARTeR Pico Mammalian,fastq,,616_3_RNA_R1.fastq.gz,616_3_RNA_R2.fastq.gz,,,,,,
616_4_RNA,metagenome,Homo sapiens,stool,11/21/2016,Khandelwal Viromics Study,"USA: Ohio, Cincinnati",39.10 N 84.51 W,Metagenome-Human-Stool,WGS,METAGENOMIC,size fractionation,paired,ILLUMINA,NovaSeq 6000,SMARTeR Pico Mammalian,fastq,,616_4_RNA_R1.fastq.gz,616_4_RNA_R2.fastq.gz,,,,,,
616_5_RNA,metagenome,Homo sapiens,stool,11/21/2016,Khandelwal Viromics Study,"USA: Ohio, Cincinnati",39.10 N 84.51 W,Metagenome-Human-Stool,WGS,METAGENOMIC,size fractionation,paired,ILLUMINA,NovaSeq 6000,SMARTeR Pico Mammalian,fastq,,616_5_RNA_R1.fastq.gz,616_5_RNA_R2.fastq.gz,,,,,,
620_1_RNA,metagenome,Homo sapiens,stool,11/21/2016,Khandelwal Viromics Study,"USA: Ohio, Cincinnati",39.10 N 84.51 W,Metagenome-Human-Stool,WGS,METAGENOMIC,size fractionation,paired,ILLUMINA,NovaSeq 6000,SMARTeR Pico Mammalian,fastq,,620_1_RNA_R1.fastq.gz,620_1_RNA_R2.fastq.gz,,,,,,
620_2_RNA,metagenome,Homo sapiens,stool,11/21/2016,Khandelwal Viromics Study,"USA: Ohio, Cincinnati",39.10 N 84.51 W,Metagenome-Human-Stool,WGS,METAGENOMIC,size fractionation,paired,ILLUMINA,NovaSeq 6000,SMARTeR Pico Mammalian,fastq,,620_2_RNA_R1.fastq.gz,620_2_RNA_R2.fastq.gz,,,,,,
620_3_RNA,metagenome,Homo sapiens,stool,11/21/2016,Khandelwal Viromics Study,"USA: Ohio, Cincinnati",39.10 N 84.51 W,Metagenome-Human-Stool,WGS,METAGENOMIC,size fractionation,paired,ILLUMINA,NovaSeq 6000,SMARTeR Pico Mammalian,fastq,,620_3_RNA_R1.fastq.gz,620_3_RNA_R2.fastq.gz,,,,,,
620_4_RNA,metagenome,Homo sapiens,stool,11/21/2016,Khandelwal Viromics Study,"USA: Ohio, Cincinnati",39.10 N 84.51 W,Metagenome-Human-Stool,WGS,METAGENOMIC,size fractionation,paired,ILLUMINA,NovaSeq 6000,SMARTeR Pico Mammalian,fastq,,620_4_RNA_R1.fastq.gz,620_4_RNA_R2.fastq.gz,,,,,,
620_5_RNA,metagenome,Homo sapiens,stool,11/21/2016,Khandelwal Viromics Study,"USA: Ohio, Cincinnati",39.10 N 84.51 W,Metagenome-Human-Stool,WGS,METAGENOMIC,size fractionation,paired,ILLUMINA,NovaSeq 6000,SMARTeR Pico Mammalian,fastq,,620_5_RNA_R1.fastq.gz,620_5_RNA_R2.fastq.gz,,,,,,
640_1_RNA,metagenome,Homo sapiens,stool,11/21/2016,Khandelwal Viromics Study,"USA: Ohio, Cincinnati",39.10 N 84.51 W,Metagenome-Human-Stool,WGS,METAGENOMIC,size fractionation,paired,ILLUMINA,NovaSeq 6000,SMARTeR Pico Mammalian,fastq,,640_1_RNA_R1.fastq.gz,640_1_RNA_R2.fastq.gz,,,,,,
640_2_RNA,metagenome,Homo sapiens,stool,11/21/2016,Khandelwal Viromics Study,"USA: Ohio, Cincinnati",39.10 N 84.51 W,Metagenome-Human-Stool,WGS,METAGENOMIC,size fractionation,paired,ILLUMINA,NovaSeq 6000,SMARTeR Pico Mammalian,fastq,,640_2_RNA_R1.fastq.gz,640_2_RNA_R2.fastq.gz,,,,,,
640_4_RNA,metagenome,Homo sapiens,stool,11/21/2016,Khandelwal Viromics Study,"USA: Ohio, Cincinnati",39.10 N 84.51 W,Metagenome-Human-Stool,WGS,METAGENOMIC,size fractionation,paired,ILLUMINA,NovaSeq 6000,SMARTeR Pico Mammalian,fastq,,640_4_RNA_R1.fastq.gz,640_4_RNA_R2.fastq.gz,,,,,,
640_5_RNA,metagenome,Homo sapiens,stool,11/21/2016,Khandelwal Viromics Study,"USA: Ohio, Cincinnati",39.10 N 84.51 W,Metagenome-Human-Stool,WGS,METAGENOMIC,size fractionation,paired,ILLUMINA,NovaSeq 6000,SMARTeR Pico Mammalian,fastq,,640_5_RNA_R1.fastq.gz,640_5_RNA_R2.fastq.gz,,,,,,
22_1_RNA,metagenome,Homo sapiens,stool,11/21/2016,Khandelwal Viromics Study,"USA: Ohio, Cincinnati",39.10 N 84.51 W,Metagenome-Human-Stool,WGS,METAGENOMIC,size fractionation,paired,ILLUMINA,NovaSeq 6000,SMARTeR Pico Mammalian,fastq,,22_1_RNA_R1.fastq.gz,22_1_RNA_R2.fastq.gz,,,,,,
22_2_RNA,metagenome,Homo sapiens,stool,11/21/2016,Khandelwal Viromics Study,"USA: Ohio, Cincinnati",39.10 N 84.51 W,Metagenome-Human-Stool,WGS,METAGENOMIC,size fractionation,paired,ILLUMINA,NovaSeq 6000,SMARTeR Pico Mammalian,fastq,,22_2_RNA_R1.fastq.gz,22_2_RNA_R2.fastq.gz,,,,,,
22_3_RNA,metagenome,Homo sapiens,stool,11/21/2016,Khandelwal Viromics Study,"USA: Ohio, Cincinnati",39.10 N 84.51 W,Metagenome-Human-Stool,WGS,METAGENOMIC,size fractionation,paired,ILLUMINA,NovaSeq 6000,SMARTeR Pico Mammalian,fastq,,22_3_RNA_R1.fastq.gz,22_3_RNA_R2.fastq.gz,,,,,,
22_4_RNA,metagenome,Homo sapiens,stool,11/21/2016,Khandelwal Viromics Study,"USA: Ohio, Cincinnati",39.10 N 84.51 W,Metagenome-Human-Stool,WGS,METAGENOMIC,size fractionation,paired,ILLUMINA,NovaSeq 6000,SMARTeR Pico Mammalian,fastq,,22_4_RNA_R1.fastq.gz,22_4_RNA_R2.fastq.gz,,,,,,
92_1_RNA,metagenome,Homo sapiens,stool,11/21/2016,Khandelwal Viromics Study,"USA: Ohio, Cincinnati",39.10 N 84.51 W,Metagenome-Human-Stool,WGS,METAGENOMIC,size fractionation,paired,ILLUMINA,NovaSeq 6000,SMARTeR Pico Mammalian,fastq,,92_1_RNA_R1.fastq.gz,92_1_RNA_R2.fastq.gz,,,,,,
92_2_RNA,metagenome,Homo sapiens,stool,11/21/2016,Khandelwal Viromics Study,"USA: Ohio, Cincinnati",39.10 N 84.51 W,Metagenome-Human-Stool,WGS,METAGENOMIC,size fractionation,paired,ILLUMINA,NovaSeq 6000,SMARTeR Pico Mammalian,fastq,,92_2_RNA_R1.fastq.gz,92_2_RNA_R2.fastq.gz,,,,,,
92_3_RNA,metagenome,Homo sapiens,stool,11/21/2016,Khandelwal Viromics Study,"USA: Ohio, Cincinnati",39.10 N 84.51 W,Metagenome-Human-Stool,WGS,METAGENOMIC,size fractionation,paired,ILLUMINA,NovaSeq 6000,SMARTeR Pico Mammalian,fastq,,92_3_RNA_R1.fastq.gz,92_3_RNA_R2.fastq.gz,,,,,,
92_4_RNA,metagenome,Homo sapiens,stool,11/21/2016,Khandelwal Viromics Study,"USA: Ohio, Cincinnati",39.10 N 84.51 W,Metagenome-Human-Stool,WGS,METAGENOMIC,size fractionation,paired,ILLUMINA,NovaSeq 6000,SMARTeR Pico Mammalian,fastq,,92_4_RNA_R1.fastq.gz,92_4_RNA_R2.fastq.gz,,,,,,
189_1_RNA,metagenome,Homo sapiens,stool,11/21/2016,Khandelwal Viromics Study,"USA: Ohio, Cincinnati",39.10 N 84.51 W,Metagenome-Human-Stool,WGS,METAGENOMIC,size fractionation,paired,ILLUMINA,NovaSeq 6000,SMARTeR Pico Mammalian,fastq,,189_1_RNA_R1.fastq.gz,189_1_RNA_R2.fastq.gz,,,,,,
189_2_RNA,metagenome,Homo sapiens,stool,11/21/2016,Khandelwal Viromics Study,"USA: Ohio, Cincinnati",39.10 N 84.51 W,Metagenome-Human-Stool,WGS,METAGENOMIC,size fractionation,paired,ILLUMINA,NovaSeq 6000,SMARTeR Pico Mammalian,fastq,,189_2_RNA_R1.fastq.gz,189_2_RNA_R2.fastq.gz,,,,,,
189_3_RNA,metagenome,Homo sapiens,stool,11/21/2016,Khandelwal Viromics Study,"USA: Ohio, Cincinnati",39.10 N 84.51 W,Metagenome-Human-Stool,WGS,METAGENOMIC,size fractionation,paired,ILLUMINA,NovaSeq 6000,SMARTeR Pico Mammalian,fastq,,189_3_RNA_R1.fastq.gz,189_3_RNA_R2.fastq.gz,,,,,,
189_4_RNA,metagenome,Homo sapiens,stool,11/21/2016,Khandelwal Viromics Study,"USA: Ohio, Cincinnati",39.10 N 84.51 W,Metagenome-Human-Stool,WGS,METAGENOMIC,size fractionation,paired,ILLUMINA,NovaSeq 6000,SMARTeR Pico Mammalian,fastq,,189_4_RNA_R1.fastq.gz,189_4_RNA_R2.fastq.gz,,,,,,
225_1_RNA,metagenome,Homo sapiens,stool,11/21/2016,Khandelwal Viromics Study,"USA: Ohio, Cincinnati",39.10 N 84.51 W,Metagenome-Human-Stool,WGS,METAGENOMIC,size fractionation,paired,ILLUMINA,NovaSeq 6000,SMARTeR Pico Mammalian,fastq,,225_1_RNA_R1.fastq.gz,225_1_RNA_R2.fastq.gz,,,,,,
225_2_RNA,metagenome,Homo sapiens,stool,11/21/2016,Khandelwal Viromics Study,"USA: Ohio, Cincinnati",39.10 N 84.51 W,Metagenome-Human-Stool,WGS,METAGENOMIC,size fractionation,paired,ILLUMINA,NovaSeq 6000,SMARTeR Pico Mammalian,fastq,,225_2_RNA_R1.fastq.gz,225_2_RNA_R2.fastq.gz,,,,,,
225_3_RNA,metagenome,Homo sapiens,stool,11/21/2016,Khandelwal Viromics Study,"USA: Ohio, Cincinnati",39.10 N 84.51 W,Metagenome-Human-Stool,WGS,METAGENOMIC,size fractionation,paired,ILLUMINA,NovaSeq 6000,SMARTeR Pico Mammalian,fastq,,225_3_RNA_R1.fastq.gz,225_3_RNA_R2.fastq.gz,,,,,,
596_1_RNA,metagenome,Homo sapiens,stool,11/21/2016,Khandelwal Viromics Study,"USA: Ohio, Cincinnati",39.10 N 84.51 W,Metagenome-Human-Stool,WGS,METAGENOMIC,size fractionation,paired,ILLUMINA,NovaSeq 6000,SMARTeR Pico Mammalian,fastq,,596_1_RNA_R1.fastq.gz,596_1_RNA_R2.fastq.gz,,,,,,
596_2_RNA,metagenome,Homo sapiens,stool,11/21/2016,Khandelwal Viromics Study,"USA: Ohio, Cincinnati",39.10 N 84.51 W,Metagenome-Human-Stool,WGS,METAGENOMIC,size fractionation,paired,ILLUMINA,NovaSeq 6000,SMARTeR Pico Mammalian,fastq,,596_2_RNA_R1.fastq.gz,596_2_RNA_R2.fastq.gz,,,,,,
596_3_RNA,metagenome,Homo sapiens,stool,11/21/2016,Khandelwal Viromics Study,"USA: Ohio, Cincinnati",39.10 N 84.51 W,Metagenome-Human-Stool,WGS,METAGENOMIC,size fractionation,paired,ILLUMINA,NovaSeq 6000,SMARTeR Pico Mammalian,fastq,,596_3_RNA_R1.fastq.gz,596_3_RNA_R2.fastq.gz,,,,,,
660_1_RNA,metagenome,Homo sapiens,stool,11/21/2016,Khandelwal Viromics Study,"USA: Ohio, Cincinnati",39.10 N 84.51 W,Metagenome-Human-Stool,WGS,METAGENOMIC,size fractionation,paired,ILLUMINA,NovaSeq 6000,SMARTeR Pico Mammalian,fastq,,660_1_RNA_R1.fastq.gz,660_1_RNA_R2.fastq.gz,,,,,,
660_2_RNA,metagenome,Homo sapiens,stool,11/21/2016,Khandelwal Viromics Study,"USA: Ohio, Cincinnati",39.10 N 84.51 W,Metagenome-Human-Stool,WGS,METAGENOMIC,size fractionation,paired,ILLUMINA,NovaSeq 6000,SMARTeR Pico Mammalian,fastq,,660_2_RNA_R1.fastq.gz,660_2_RNA_R2.fastq.gz,,,,,,
660_3_RNA,metagenome,Homo sapiens,stool,11/21/2016,Khandelwal Viromics Study,"USA: Ohio, Cincinnati",39.10 N 84.51 W,Metagenome-Human-Stool,WGS,METAGENOMIC,size fractionation,paired,ILLUMINA,NovaSeq 6000,SMARTeR Pico Mammalian,fastq,,660_3_RNA_R1.fastq.gz,660_3_RNA_R2.fastq.gz,,,,,,
