sample_name,library_ID,project_title,bioproject_id,library_strategy,library_source,library_selection,library_layout,platform,instrument_model,design_description,filetype,filename,filename2,filename3,filename4,assembly,fasta_file
A10Jenny02,HWTJ5BGX3,Hellman IBD Study,SUB15236283,WGS,METAGENOMIC,size fractionation,paired,ILLUMINA,NextSeq 500,Nextera XT,fastq,A10Jenny02_R1.fastq.gz,A10Jenny02_R2.fastq.gz,,,,
A10Jenny03,AHMVWJBGX9_2,Hellman IBD Study,SUB15236283,WGS,METAGENOMIC,size fractionation,paired,ILLUMINA,NextSeq 500,Nextera XT,fastq,A10Jenny03_R1.fastq.gz,A10Jenny03_R2.fastq.gz,,,,
A11Jenny02,AHMVWJBGX9_3,Hellman IBD Study,SUB15236283,WGS,METAGENOMIC,size fractionation,paired,ILLUMINA,NextSeq 500,Nextera XT,fastq,A11Jenny02_R1.fastq.gz,A11Jenny02_R2.fastq.gz,,,,
A11Jenny03,AHMVWJBGX9_4,Hellman IBD Study,SUB15236283,WGS,METAGENOMIC,size fractionation,paired,ILLUMINA,NextSeq 500,Nextera XT,fastq,A11Jenny03_R1.fastq.gz,A11Jenny03_R2.fastq.gz,,,,
A11Jenny1,AHMVWJBGX9_5,Hellman IBD Study,SUB15236283,WGS,METAGENOMIC,size fractionation,paired,ILLUMINA,NextSeq 500,Nextera XT,fastq,A11Jenny1_R1.fastq.gz,A11Jenny1_R2.fastq.gz,,,,
A12Jenny02,AHMVWJBGX9_6,Hellman IBD Study,SUB15236283,WGS,METAGENOMIC,size fractionation,paired,ILLUMINA,NextSeq 500,Nextera XT,fastq,A12Jenny02_R1.fastq.gz,A12Jenny02_R2.fastq.gz,,,,
A12Jenny03,AHMVWJBGX9_7,Hellman IBD Study,SUB15236283,WGS,METAGENOMIC,size fractionation,paired,ILLUMINA,NextSeq 500,Nextera XT,fastq,A12Jenny03_R1.fastq.gz,A12Jenny03_R2.fastq.gz,,,,
A12Jenny1,AHMVWJBGX9_8,Hellman IBD Study,SUB15236283,WGS,METAGENOMIC,size fractionation,paired,ILLUMINA,NextSeq 500,Nextera XT,fastq,A12Jenny1_R1.fastq.gz,A12Jenny1_R2.fastq.gz,,,,
A1Jenny02,AHMVWJBGX9_8,Hellman IBD Study,SUB15236283,WGS,METAGENOMIC,size fractionation,paired,ILLUMINA,NextSeq 500,Nextera XT,fastq,A1Jenny02_R1.fastq.gz,A1Jenny02_R2.fastq.gz,,,,
A1Jenny03,AHMVWJBGX9_8,Hellman IBD Study,SUB15236283,WGS,METAGENOMIC,size fractionation,paired,ILLUMINA,NextSeq 500,Nextera XT,fastq,A1Jenny03_R1.fastq.gz,A1Jenny03_R2.fastq.gz,,,,
A1Jenny1,AHMVWJBGX9_8,Hellman IBD Study,SUB15236283,WGS,METAGENOMIC,size fractionation,paired,ILLUMINA,NextSeq 500,Nextera XT,fastq,A1Jenny1_R1.fastq.gz,A1Jenny1_R2.fastq.gz,,,,
A2Jenny02,AHMVWJBGX9_8,Hellman IBD Study,SUB15236283,WGS,METAGENOMIC,size fractionation,paired,ILLUMINA,NextSeq 500,Nextera XT,fastq,A2Jenny02_R1.fastq.gz,A2Jenny02_R2.fastq.gz,,,,
A2Jenny03,AHMVWJBGX9_8,Hellman IBD Study,SUB15236283,WGS,METAGENOMIC,size fractionation,paired,ILLUMINA,NextSeq 500,Nextera XT,fastq,A2Jenny03_R1.fastq.gz,A2Jenny03_R2.fastq.gz,,,,
A2Jenny1,AHMVWJBGX9_8,Hellman IBD Study,SUB15236283,WGS,METAGENOMIC,size fractionation,paired,ILLUMINA,NextSeq 500,Nextera XT,fastq,A2Jenny1_R1.fastq.gz,A2Jenny1_R2.fastq.gz,,,,
A3Jenny02,AHMVWJBGX9_8,Hellman IBD Study,SUB15236283,WGS,METAGENOMIC,size fractionation,paired,ILLUMINA,NextSeq 500,Nextera XT,fastq,A3Jenny02_R1.fastq.gz,A3Jenny02_R2.fastq.gz,,,,
A3Jenny03,AHMVWJBGX9_8,Hellman IBD Study,SUB15236283,WGS,METAGENOMIC,size fractionation,paired,ILLUMINA,NextSeq 500,Nextera XT,fastq,A3Jenny03_R1.fastq.gz,A3Jenny03_R2.fastq.gz,,,,
A3Jenny1,AHMVWJBGX9_8,Hellman IBD Study,SUB15236283,WGS,METAGENOMIC,size fractionation,paired,ILLUMINA,NextSeq 500,Nextera XT,fastq,A3Jenny1_R1.fastq.gz,A3Jenny1_R2.fastq.gz,,,,
A4Jenny02,AHMVWJBGX9_8,Hellman IBD Study,SUB15236283,WGS,METAGENOMIC,size fractionation,paired,ILLUMINA,NextSeq 500,Nextera XT,fastq,A4Jenny02_R1.fastq.gz,A4Jenny02_R2.fastq.gz,,,,
A4Jenny1,AHMVWJBGX9_8,Hellman IBD Study,SUB15236283,WGS,METAGENOMIC,size fractionation,paired,ILLUMINA,NextSeq 500,Nextera XT,fastq,A4Jenny1_R1.fastq.gz,A4Jenny1_R2.fastq.gz,,,,
A5Jenny02,AHMVWJBGX9_8,Hellman IBD Study,SUB15236283,WGS,METAGENOMIC,size fractionation,paired,ILLUMINA,NextSeq 500,Nextera XT,fastq,A5Jenny02_R1.fastq.gz,A5Jenny02_R2.fastq.gz,,,,
A5Jenny03,AHMVWJBGX9_8,Hellman IBD Study,SUB15236283,WGS,METAGENOMIC,size fractionation,paired,ILLUMINA,NextSeq 500,Nextera XT,fastq,A5Jenny03_R1.fastq.gz,A5Jenny03_R2.fastq.gz,,,,
A5Jenny1,AHMVWJBGX9_8,Hellman IBD Study,SUB15236283,WGS,METAGENOMIC,size fractionation,paired,ILLUMINA,NextSeq 500,Nextera XT,fastq,A5Jenny1_R1.fastq.gz,A5Jenny1_R2.fastq.gz,,,,
A6Jenny02,AHMVWJBGX9_8,Hellman IBD Study,SUB15236283,WGS,METAGENOMIC,size fractionation,paired,ILLUMINA,NextSeq 500,Nextera XT,fastq,A6Jenny02_R1.fastq.gz,A6Jenny02_R2.fastq.gz,,,,
A6Jenny03,AHMVWJBGX9_8,Hellman IBD Study,SUB15236283,WGS,METAGENOMIC,size fractionation,paired,ILLUMINA,NextSeq 500,Nextera XT,fastq,A6Jenny03_R1.fastq.gz,A6Jenny03_R2.fastq.gz,,,,
A6Jenny1,AHMVWJBGX9_8,Hellman IBD Study,SUB15236283,WGS,METAGENOMIC,size fractionation,paired,ILLUMINA,NextSeq 500,Nextera XT,fastq,A6Jenny1_R1.fastq.gz,A6Jenny1_R2.fastq.gz,,,,
A7Jenny02,AHMVWJBGX9_8,Hellman IBD Study,SUB15236283,WGS,METAGENOMIC,size fractionation,paired,ILLUMINA,NextSeq 500,Nextera XT,fastq,A7Jenny02_R1.fastq.gz,A7Jenny02_R2.fastq.gz,,,,
A7Jenny03,AHMVWJBGX9_8,Hellman IBD Study,SUB15236283,WGS,METAGENOMIC,size fractionation,paired,ILLUMINA,NextSeq 500,Nextera XT,fastq,A7Jenny03_R1.fastq.gz,A7Jenny03_R2.fastq.gz,,,,
A7Jenny1,AHMVWJBGX9_8,Hellman IBD Study,SUB15236283,WGS,METAGENOMIC,size fractionation,paired,ILLUMINA,NextSeq 500,Nextera XT,fastq,A7Jenny1_R1.fastq.gz,A7Jenny1_R2.fastq.gz,,,,
A8Jenny02,AHMVWJBGX9_8,Hellman IBD Study,SUB15236283,WGS,METAGENOMIC,size fractionation,paired,ILLUMINA,NextSeq 500,Nextera XT,fastq,A8Jenny02_R1.fastq.gz,A8Jenny02_R2.fastq.gz,,,,
A8Jenny03,AHMVWJBGX9_8,Hellman IBD Study,SUB15236283,WGS,METAGENOMIC,size fractionation,paired,ILLUMINA,NextSeq 500,Nextera XT,fastq,A8Jenny03_R1.fastq.gz,A8Jenny03_R2.fastq.gz,,,,
A8Jenny1,AHMVWJBGX9_8,Hellman IBD Study,SUB15236283,WGS,METAGENOMIC,size fractionation,paired,ILLUMINA,NextSeq 500,Nextera XT,fastq,A8Jenny1_R1.fastq.gz,A8Jenny1_R2.fastq.gz,,,,
A9Jenny02,AHMVWJBGX9_8,Hellman IBD Study,SUB15236283,WGS,METAGENOMIC,size fractionation,paired,ILLUMINA,NextSeq 500,Nextera XT,fastq,A9Jenny02_R1.fastq.gz,A9Jenny02_R2.fastq.gz,,,,
A9Jenny03,AHMVWJBGX9_8,Hellman IBD Study,SUB15236283,WGS,METAGENOMIC,size fractionation,paired,ILLUMINA,NextSeq 500,Nextera XT,fastq,A9Jenny03_R1.fastq.gz,A9Jenny03_R2.fastq.gz,,,,
A9Jenny1,AHMVWJBGX9_8,Hellman IBD Study,SUB15236283,WGS,METAGENOMIC,size fractionation,paired,ILLUMINA,NextSeq 500,Nextera XT,fastq,A9Jenny1_R1.fastq.gz,A9Jenny1_R2.fastq.gz,,,,
B10Jenny02,AHMVWJBGX9_8,Hellman IBD Study,SUB15236283,WGS,METAGENOMIC,size fractionation,paired,ILLUMINA,NextSeq 500,Nextera XT,fastq,B10Jenny02_R1.fastq.gz,B10Jenny02_R2.fastq.gz,,,,
B10Jenny03,AHMVWJBGX9_8,Hellman IBD Study,SUB15236283,WGS,METAGENOMIC,size fractionation,paired,ILLUMINA,NextSeq 500,Nextera XT,fastq,B10Jenny03_R1.fastq.gz,B10Jenny03_R2.fastq.gz,,,,
B10Jenny1,AHMVWJBGX9_8,Hellman IBD Study,SUB15236283,WGS,METAGENOMIC,size fractionation,paired,ILLUMINA,NextSeq 500,Nextera XT,fastq,B10Jenny1_R1.fastq.gz,B10Jenny1_R2.fastq.gz,,,,
B11Jenny02,AHMVWJBGX9_8,Hellman IBD Study,SUB15236283,WGS,METAGENOMIC,size fractionation,paired,ILLUMINA,NextSeq 500,Nextera XT,fastq,B11Jenny02_R1.fastq.gz,B11Jenny02_R2.fastq.gz,,,,
B11Jenny03,AHMVWJBGX9_8,Hellman IBD Study,SUB15236283,WGS,METAGENOMIC,size fractionation,paired,ILLUMINA,NextSeq 500,Nextera XT,fastq,B11Jenny03_R1.fastq.gz,B11Jenny03_R2.fastq.gz,,,,
B11Jenny1,AHMVWJBGX9_8,Hellman IBD Study,SUB15236283,WGS,METAGENOMIC,size fractionation,paired,ILLUMINA,NextSeq 500,Nextera XT,fastq,B11Jenny1_R1.fastq.gz,B11Jenny1_R2.fastq.gz,,,,
B12Jenny02,AHMVWJBGX9_8,Hellman IBD Study,SUB15236283,WGS,METAGENOMIC,size fractionation,paired,ILLUMINA,NextSeq 500,Nextera XT,fastq,B12Jenny02_R1.fastq.gz,B12Jenny02_R2.fastq.gz,,,,
B12Jenny03,AHMVWJBGX9_8,Hellman IBD Study,SUB15236283,WGS,METAGENOMIC,size fractionation,paired,ILLUMINA,NextSeq 500,Nextera XT,fastq,B12Jenny03_R1.fastq.gz,B12Jenny03_R2.fastq.gz,,,,
B12Jenny1,AHMVWJBGX9_8,Hellman IBD Study,SUB15236283,WGS,METAGENOMIC,size fractionation,paired,ILLUMINA,NextSeq 500,Nextera XT,fastq,B12Jenny1_R1.fastq.gz,B12Jenny1_R2.fastq.gz,,,,
B1Jenny02,AHMVWJBGX9_8,Hellman IBD Study,SUB15236283,WGS,METAGENOMIC,size fractionation,paired,ILLUMINA,NextSeq 500,Nextera XT,fastq,B1Jenny02_R1.fastq.gz,B1Jenny02_R2.fastq.gz,,,,
B1Jenny03,AHMVWJBGX9_8,Hellman IBD Study,SUB15236283,WGS,METAGENOMIC,size fractionation,paired,ILLUMINA,NextSeq 500,Nextera XT,fastq,B1Jenny03_R1.fastq.gz,B1Jenny03_R2.fastq.gz,,,,
B1Jenny1,AHMVWJBGX9_8,Hellman IBD Study,SUB15236283,WGS,METAGENOMIC,size fractionation,paired,ILLUMINA,NextSeq 500,Nextera XT,fastq,B1Jenny1_R1.fastq.gz,B1Jenny1_R2.fastq.gz,,,,
B2Jenny02,AHMVWJBGX9_8,Hellman IBD Study,SUB15236283,WGS,METAGENOMIC,size fractionation,paired,ILLUMINA,NextSeq 500,Nextera XT,fastq,B2Jenny02_R1.fastq.gz,B2Jenny02_R2.fastq.gz,,,,
B2Jenny03,AHMVWJBGX9_8,Hellman IBD Study,SUB15236283,WGS,METAGENOMIC,size fractionation,paired,ILLUMINA,NextSeq 500,Nextera XT,fastq,B2Jenny03_R1.fastq.gz,B2Jenny03_R2.fastq.gz,,,,
B2Jenny1,AHMVWJBGX9_8,Hellman IBD Study,SUB15236283,WGS,METAGENOMIC,size fractionation,paired,ILLUMINA,NextSeq 500,Nextera XT,fastq,B2Jenny1_R1.fastq.gz,B2Jenny1_R2.fastq.gz,,,,
B3Jenny02,AHMVWJBGX9_8,Hellman IBD Study,SUB15236283,WGS,METAGENOMIC,size fractionation,paired,ILLUMINA,NextSeq 500,Nextera XT,fastq,B3Jenny02_R1.fastq.gz,B3Jenny02_R2.fastq.gz,,,,
B3Jenny03,AHMVWJBGX9_8,Hellman IBD Study,SUB15236283,WGS,METAGENOMIC,size fractionation,paired,ILLUMINA,NextSeq 500,Nextera XT,fastq,B3Jenny03_R1.fastq.gz,B3Jenny03_R2.fastq.gz,,,,
B3Jenny1,AHMVWJBGX9_8,Hellman IBD Study,SUB15236283,WGS,METAGENOMIC,size fractionation,paired,ILLUMINA,NextSeq 500,Nextera XT,fastq,B3Jenny1_R1.fastq.gz,B3Jenny1_R2.fastq.gz,,,,
B4Jenny02,AHMVWJBGX9_8,Hellman IBD Study,SUB15236283,WGS,METAGENOMIC,size fractionation,paired,ILLUMINA,NextSeq 500,Nextera XT,fastq,B4Jenny02_R1.fastq.gz,B4Jenny02_R2.fastq.gz,,,,
B4Jenny03,AHMVWJBGX9_8,Hellman IBD Study,SUB15236283,WGS,METAGENOMIC,size fractionation,paired,ILLUMINA,NextSeq 500,Nextera XT,fastq,B4Jenny03_R1.fastq.gz,B4Jenny03_R2.fastq.gz,,,,
B4Jenny1,AHMVWJBGX9_8,Hellman IBD Study,SUB15236283,WGS,METAGENOMIC,size fractionation,paired,ILLUMINA,NextSeq 500,Nextera XT,fastq,B4Jenny1_R1.fastq.gz,B4Jenny1_R2.fastq.gz,,,,
B5Jenny02,AHMVWJBGX9_8,Hellman IBD Study,SUB15236283,WGS,METAGENOMIC,size fractionation,paired,ILLUMINA,NextSeq 500,Nextera XT,fastq,B5Jenny02_R1.fastq.gz,B5Jenny02_R2.fastq.gz,,,,
B5Jenny03,AHMVWJBGX9_8,Hellman IBD Study,SUB15236283,WGS,METAGENOMIC,size fractionation,paired,ILLUMINA,NextSeq 500,Nextera XT,fastq,B5Jenny03_R1.fastq.gz,B5Jenny03_R2.fastq.gz,,,,
B5Jenny1,AHMVWJBGX9_8,Hellman IBD Study,SUB15236283,WGS,METAGENOMIC,size fractionation,paired,ILLUMINA,NextSeq 500,Nextera XT,fastq,B5Jenny1_R1.fastq.gz,B5Jenny1_R2.fastq.gz,,,,
B6Jenny02,AHMVWJBGX9_8,Hellman IBD Study,SUB15236283,WGS,METAGENOMIC,size fractionation,paired,ILLUMINA,NextSeq 500,Nextera XT,fastq,B6Jenny02_R1.fastq.gz,B6Jenny02_R2.fastq.gz,,,,
B6Jenny03,AHMVWJBGX9_8,Hellman IBD Study,SUB15236283,WGS,METAGENOMIC,size fractionation,paired,ILLUMINA,NextSeq 500,Nextera XT,fastq,B6Jenny03_R1.fastq.gz,B6Jenny03_R2.fastq.gz,,,,
B6Jenny1,AHMVWJBGX9_8,Hellman IBD Study,SUB15236283,WGS,METAGENOMIC,size fractionation,paired,ILLUMINA,NextSeq 500,Nextera XT,fastq,B6Jenny1_R1.fastq.gz,B6Jenny1_R2.fastq.gz,,,,
B7Jenny02,AHMVWJBGX9_8,Hellman IBD Study,SUB15236283,WGS,METAGENOMIC,size fractionation,paired,ILLUMINA,NextSeq 500,Nextera XT,fastq,B7Jenny02_R1.fastq.gz,B7Jenny02_R2.fastq.gz,,,,
B7Jenny1,AHMVWJBGX9_8,Hellman IBD Study,SUB15236283,WGS,METAGENOMIC,size fractionation,paired,ILLUMINA,NextSeq 500,Nextera XT,fastq,B7Jenny1_R1.fastq.gz,B7Jenny1_R2.fastq.gz,,,,
B8Jenny02,AHMVWJBGX9_8,Hellman IBD Study,SUB15236283,WGS,METAGENOMIC,size fractionation,paired,ILLUMINA,NextSeq 500,Nextera XT,fastq,B8Jenny02_R1.fastq.gz,B8Jenny02_R2.fastq.gz,,,,
B8Jenny03,AHMVWJBGX9_8,Hellman IBD Study,SUB15236283,WGS,METAGENOMIC,size fractionation,paired,ILLUMINA,NextSeq 500,Nextera XT,fastq,B8Jenny03_R1.fastq.gz,B8Jenny03_R2.fastq.gz,,,,
B8Jenny1,AHMVWJBGX9_8,Hellman IBD Study,SUB15236283,WGS,METAGENOMIC,size fractionation,paired,ILLUMINA,NextSeq 500,Nextera XT,fastq,B8Jenny1_R1.fastq.gz,B8Jenny1_R2.fastq.gz,,,,
B9Jenny02,AHMVWJBGX9_8,Hellman IBD Study,SUB15236283,WGS,METAGENOMIC,size fractionation,paired,ILLUMINA,NextSeq 500,Nextera XT,fastq,B9Jenny02_R1.fastq.gz,B9Jenny02_R2.fastq.gz,,,,
B9Jenny1,AHMVWJBGX9_8,Hellman IBD Study,SUB15236283,WGS,METAGENOMIC,size fractionation,paired,ILLUMINA,NextSeq 500,Nextera XT,fastq,B9Jenny1_R1.fastq.gz,B9Jenny1_R2.fastq.gz,,,,
C10Jenny02,AHMVWJBGX9_8,Hellman IBD Study,SUB15236283,WGS,METAGENOMIC,size fractionation,paired,ILLUMINA,NextSeq 500,Nextera XT,fastq,C10Jenny02_R1.fastq.gz,C10Jenny02_R2.fastq.gz,,,,
C10Jenny03,AHMVWJBGX9_8,Hellman IBD Study,SUB15236283,WGS,METAGENOMIC,size fractionation,paired,ILLUMINA,NextSeq 500,Nextera XT,fastq,C10Jenny03_R1.fastq.gz,C10Jenny03_R2.fastq.gz,,,,
C10Jenny1,AHMVWJBGX9_8,Hellman IBD Study,SUB15236283,WGS,METAGENOMIC,size fractionation,paired,ILLUMINA,NextSeq 500,Nextera XT,fastq,C10Jenny1_R1.fastq.gz,C10Jenny1_R2.fastq.gz,,,,
C11Jenny02,AHMVWJBGX9_8,Hellman IBD Study,SUB15236283,WGS,METAGENOMIC,size fractionation,paired,ILLUMINA,NextSeq 500,Nextera XT,fastq,C11Jenny02_R1.fastq.gz,C11Jenny02_R2.fastq.gz,,,,
C11Jenny03,AHMVWJBGX9_8,Hellman IBD Study,SUB15236283,WGS,METAGENOMIC,size fractionation,paired,ILLUMINA,NextSeq 500,Nextera XT,fastq,C11Jenny03_R1.fastq.gz,C11Jenny03_R2.fastq.gz,,,,
C11Jenny1,AHMVWJBGX9_8,Hellman IBD Study,SUB15236283,WGS,METAGENOMIC,size fractionation,paired,ILLUMINA,NextSeq 500,Nextera XT,fastq,C11Jenny1_R1.fastq.gz,C11Jenny1_R2.fastq.gz,,,,
C12Jenny02,AHMVWJBGX9_8,Hellman IBD Study,SUB15236283,WGS,METAGENOMIC,size fractionation,paired,ILLUMINA,NextSeq 500,Nextera XT,fastq,C12Jenny02_R1.fastq.gz,C12Jenny02_R2.fastq.gz,,,,
C12Jenny03,AHMVWJBGX9_8,Hellman IBD Study,SUB15236283,WGS,METAGENOMIC,size fractionation,paired,ILLUMINA,NextSeq 500,Nextera XT,fastq,C12Jenny03_R1.fastq.gz,C12Jenny03_R2.fastq.gz,,,,
C12Jenny1,AHMVWJBGX9_8,Hellman IBD Study,SUB15236283,WGS,METAGENOMIC,size fractionation,paired,ILLUMINA,NextSeq 500,Nextera XT,fastq,C12Jenny1_R1.fastq.gz,C12Jenny1_R2.fastq.gz,,,,
C1Jenny02,AHMVWJBGX9_8,Hellman IBD Study,SUB15236283,WGS,METAGENOMIC,size fractionation,paired,ILLUMINA,NextSeq 500,Nextera XT,fastq,C1Jenny02_R1.fastq.gz,C1Jenny02_R2.fastq.gz,,,,
C1Jenny1,AHMVWJBGX9_8,Hellman IBD Study,SUB15236283,WGS,METAGENOMIC,size fractionation,paired,ILLUMINA,NextSeq 500,Nextera XT,fastq,C1Jenny1_R1.fastq.gz,C1Jenny1_R2.fastq.gz,,,,
C2Jenny02,AHMVWJBGX9_8,Hellman IBD Study,SUB15236283,WGS,METAGENOMIC,size fractionation,paired,ILLUMINA,NextSeq 500,Nextera XT,fastq,C2Jenny02_R1.fastq.gz,C2Jenny02_R2.fastq.gz,,,,
C2Jenny03,AHMVWJBGX9_8,Hellman IBD Study,SUB15236283,WGS,METAGENOMIC,size fractionation,paired,ILLUMINA,NextSeq 500,Nextera XT,fastq,C2Jenny03_R1.fastq.gz,C2Jenny03_R2.fastq.gz,,,,
C2Jenny1,AHMVWJBGX9_8,Hellman IBD Study,SUB15236283,WGS,METAGENOMIC,size fractionation,paired,ILLUMINA,NextSeq 500,Nextera XT,fastq,C2Jenny1_R1.fastq.gz,C2Jenny1_R2.fastq.gz,,,,
C3Jenny02,AHMVWJBGX9_8,Hellman IBD Study,SUB15236283,WGS,METAGENOMIC,size fractionation,paired,ILLUMINA,NextSeq 500,Nextera XT,fastq,C3Jenny02_R1.fastq.gz,C3Jenny02_R2.fastq.gz,,,,
C3Jenny03,AHMVWJBGX9_8,Hellman IBD Study,SUB15236283,WGS,METAGENOMIC,size fractionation,paired,ILLUMINA,NextSeq 500,Nextera XT,fastq,C3Jenny03_R1.fastq.gz,C3Jenny03_R2.fastq.gz,,,,
C3Jenny1,AHMVWJBGX9_8,Hellman IBD Study,SUB15236283,WGS,METAGENOMIC,size fractionation,paired,ILLUMINA,NextSeq 500,Nextera XT,fastq,C3Jenny1_R1.fastq.gz,C3Jenny1_R2.fastq.gz,,,,
C4Jenny02,AHMVWJBGX9_8,Hellman IBD Study,SUB15236283,WGS,METAGENOMIC,size fractionation,paired,ILLUMINA,NextSeq 500,Nextera XT,fastq,C4Jenny02_R1.fastq.gz,C4Jenny02_R2.fastq.gz,,,,
C4Jenny03,AHMVWJBGX9_8,Hellman IBD Study,SUB15236283,WGS,METAGENOMIC,size fractionation,paired,ILLUMINA,NextSeq 500,Nextera XT,fastq,C4Jenny03_R1.fastq.gz,C4Jenny03_R2.fastq.gz,,,,
C4Jenny1,AHMVWJBGX9_8,Hellman IBD Study,SUB15236283,WGS,METAGENOMIC,size fractionation,paired,ILLUMINA,NextSeq 500,Nextera XT,fastq,C4Jenny1_R1.fastq.gz,C4Jenny1_R2.fastq.gz,,,,
C5Jenny02,AHMVWJBGX9_8,Hellman IBD Study,SUB15236283,WGS,METAGENOMIC,size fractionation,paired,ILLUMINA,NextSeq 500,Nextera XT,fastq,C5Jenny02_R1.fastq.gz,C5Jenny02_R2.fastq.gz,,,,
C5Jenny03,AHMVWJBGX9_8,Hellman IBD Study,SUB15236283,WGS,METAGENOMIC,size fractionation,paired,ILLUMINA,NextSeq 500,Nextera XT,fastq,C5Jenny03_R1.fastq.gz,C5Jenny03_R2.fastq.gz,,,,
C5Jenny1,AHMVWJBGX9_8,Hellman IBD Study,SUB15236283,WGS,METAGENOMIC,size fractionation,paired,ILLUMINA,NextSeq 500,Nextera XT,fastq,C5Jenny1_R1.fastq.gz,C5Jenny1_R2.fastq.gz,,,,
C6Jenny02,AHMVWJBGX9_8,Hellman IBD Study,SUB15236283,WGS,METAGENOMIC,size fractionation,paired,ILLUMINA,NextSeq 500,Nextera XT,fastq,C6Jenny02_R1.fastq.gz,C6Jenny02_R2.fastq.gz,,,,
C6Jenny03,AHMVWJBGX9_8,Hellman IBD Study,SUB15236283,WGS,METAGENOMIC,size fractionation,paired,ILLUMINA,NextSeq 500,Nextera XT,fastq,C6Jenny03_R1.fastq.gz,C6Jenny03_R2.fastq.gz,,,,
C6Jenny1,AHMVWJBGX9_8,Hellman IBD Study,SUB15236283,WGS,METAGENOMIC,size fractionation,paired,ILLUMINA,NextSeq 500,Nextera XT,fastq,C6Jenny1_R1.fastq.gz,C6Jenny1_R2.fastq.gz,,,,
C7Jenny03,AHMVWJBGX9_8,Hellman IBD Study,SUB15236283,WGS,METAGENOMIC,size fractionation,paired,ILLUMINA,NextSeq 500,Nextera XT,fastq,C7Jenny03_R1.fastq.gz,C7Jenny03_R2.fastq.gz,,,,
C7Jenny1,AHMVWJBGX9_8,Hellman IBD Study,SUB15236283,WGS,METAGENOMIC,size fractionation,paired,ILLUMINA,NextSeq 500,Nextera XT,fastq,C7Jenny1_R1.fastq.gz,C7Jenny1_R2.fastq.gz,,,,
C8Jenny02,AHMVWJBGX9_8,Hellman IBD Study,SUB15236283,WGS,METAGENOMIC,size fractionation,paired,ILLUMINA,NextSeq 500,Nextera XT,fastq,C8Jenny02_R1.fastq.gz,C8Jenny02_R2.fastq.gz,,,,
C8Jenny03,AHMVWJBGX9_8,Hellman IBD Study,SUB15236283,WGS,METAGENOMIC,size fractionation,paired,ILLUMINA,NextSeq 500,Nextera XT,fastq,C8Jenny03_R1.fastq.gz,C8Jenny03_R2.fastq.gz,,,,
C8Jenny1,AHMVWJBGX9_8,Hellman IBD Study,SUB15236283,WGS,METAGENOMIC,size fractionation,paired,ILLUMINA,NextSeq 500,Nextera XT,fastq,C8Jenny1_R1.fastq.gz,C8Jenny1_R2.fastq.gz,,,,
C9Jenny02,AHMVWJBGX9_8,Hellman IBD Study,SUB15236283,WGS,METAGENOMIC,size fractionation,paired,ILLUMINA,NextSeq 500,Nextera XT,fastq,C9Jenny02_R1.fastq.gz,C9Jenny02_R2.fastq.gz,,,,
C9Jenny03,AHMVWJBGX9_8,Hellman IBD Study,SUB15236283,WGS,METAGENOMIC,size fractionation,paired,ILLUMINA,NextSeq 500,Nextera XT,fastq,C9Jenny03_R1.fastq.gz,C9Jenny03_R2.fastq.gz,,,,
C9Jenny1,AHMVWJBGX9_8,Hellman IBD Study,SUB15236283,WGS,METAGENOMIC,size fractionation,paired,ILLUMINA,NextSeq 500,Nextera XT,fastq,C9Jenny1_R1.fastq.gz,C9Jenny1_R2.fastq.gz,,,,
D10Heidi5,AHMVWJBGX9_8,Hellman IBD Study,SUB15236283,WGS,METAGENOMIC,size fractionation,paired,ILLUMINA,NextSeq 500,Nextera XT,fastq,D10Heidi5_R1.fastq.gz,D10Heidi5_R2.fastq.gz,,,,
D10Jenny02,AHMVWJBGX9_8,Hellman IBD Study,SUB15236283,WGS,METAGENOMIC,size fractionation,paired,ILLUMINA,NextSeq 500,Nextera XT,fastq,D10Jenny02_R1.fastq.gz,D10Jenny02_R2.fastq.gz,,,,
D10Jenny03,AHMVWJBGX9_8,Hellman IBD Study,SUB15236283,WGS,METAGENOMIC,size fractionation,paired,ILLUMINA,NextSeq 500,Nextera XT,fastq,D10Jenny03_R1.fastq.gz,D10Jenny03_R2.fastq.gz,,,,
D10Jenny1,AHMVWJBGX9_8,Hellman IBD Study,SUB15236283,WGS,METAGENOMIC,size fractionation,paired,ILLUMINA,NextSeq 500,Nextera XT,fastq,D10Jenny1_R1.fastq.gz,D10Jenny1_R2.fastq.gz,,,,
D11Heidi5,AHMVWJBGX9_8,Hellman IBD Study,SUB15236283,WGS,METAGENOMIC,size fractionation,paired,ILLUMINA,NextSeq 500,Nextera XT,fastq,D11Heidi5_R1.fastq.gz,D11Heidi5_R2.fastq.gz,,,,
D11Jenny02,AHMVWJBGX9_8,Hellman IBD Study,SUB15236283,WGS,METAGENOMIC,size fractionation,paired,ILLUMINA,NextSeq 500,Nextera XT,fastq,D11Jenny02_R1.fastq.gz,D11Jenny02_R2.fastq.gz,,,,
D11Jenny03,AHMVWJBGX9_8,Hellman IBD Study,SUB15236283,WGS,METAGENOMIC,size fractionation,paired,ILLUMINA,NextSeq 500,Nextera XT,fastq,D11Jenny03_R1.fastq.gz,D11Jenny03_R2.fastq.gz,,,,
D11Jenny1,AHMVWJBGX9_8,Hellman IBD Study,SUB15236283,WGS,METAGENOMIC,size fractionation,paired,ILLUMINA,NextSeq 500,Nextera XT,fastq,D11Jenny1_R1.fastq.gz,D11Jenny1_R2.fastq.gz,,,,
D12Heidi5,AHMVWJBGX9_8,Hellman IBD Study,SUB15236283,WGS,METAGENOMIC,size fractionation,paired,ILLUMINA,NextSeq 500,Nextera XT,fastq,D12Heidi5_R1.fastq.gz,D12Heidi5_R2.fastq.gz,,,,
D12Jenny03,AHMVWJBGX9_8,Hellman IBD Study,SUB15236283,WGS,METAGENOMIC,size fractionation,paired,ILLUMINA,NextSeq 500,Nextera XT,fastq,D12Jenny03_R1.fastq.gz,D12Jenny03_R2.fastq.gz,,,,
D12Jenny1,AHMVWJBGX9_8,Hellman IBD Study,SUB15236283,WGS,METAGENOMIC,size fractionation,paired,ILLUMINA,NextSeq 500,Nextera XT,fastq,D12Jenny1_R1.fastq.gz,D12Jenny1_R2.fastq.gz,,,,
D1Jenny02,AHMVWJBGX9_8,Hellman IBD Study,SUB15236283,WGS,METAGENOMIC,size fractionation,paired,ILLUMINA,NextSeq 500,Nextera XT,fastq,D1Jenny02_R1.fastq.gz,D1Jenny02_R2.fastq.gz,,,,
D1Jenny03,AHMVWJBGX9_8,Hellman IBD Study,SUB15236283,WGS,METAGENOMIC,size fractionation,paired,ILLUMINA,NextSeq 500,Nextera XT,fastq,D1Jenny03_R1.fastq.gz,D1Jenny03_R2.fastq.gz,,,,
D1Jenny1,AHMVWJBGX9_8,Hellman IBD Study,SUB15236283,WGS,METAGENOMIC,size fractionation,paired,ILLUMINA,NextSeq 500,Nextera XT,fastq,D1Jenny1_R1.fastq.gz,D1Jenny1_R2.fastq.gz,,,,
D2Jenny02,AHMVWJBGX9_8,Hellman IBD Study,SUB15236283,WGS,METAGENOMIC,size fractionation,paired,ILLUMINA,NextSeq 500,Nextera XT,fastq,D2Jenny02_R1.fastq.gz,D2Jenny02_R2.fastq.gz,,,,
D2Jenny03,AHMVWJBGX9_8,Hellman IBD Study,SUB15236283,WGS,METAGENOMIC,size fractionation,paired,ILLUMINA,NextSeq 500,Nextera XT,fastq,D2Jenny03_R1.fastq.gz,D2Jenny03_R2.fastq.gz,,,,
D2Jenny1,AHMVWJBGX9_8,Hellman IBD Study,SUB15236283,WGS,METAGENOMIC,size fractionation,paired,ILLUMINA,NextSeq 500,Nextera XT,fastq,D2Jenny1_R1.fastq.gz,D2Jenny1_R2.fastq.gz,,,,
D3Jenny02,AHMVWJBGX9_8,Hellman IBD Study,SUB15236283,WGS,METAGENOMIC,size fractionation,paired,ILLUMINA,NextSeq 500,Nextera XT,fastq,D3Jenny02_R1.fastq.gz,D3Jenny02_R2.fastq.gz,,,,
D3Jenny03,AHMVWJBGX9_8,Hellman IBD Study,SUB15236283,WGS,METAGENOMIC,size fractionation,paired,ILLUMINA,NextSeq 500,Nextera XT,fastq,D3Jenny03_R1.fastq.gz,D3Jenny03_R2.fastq.gz,,,,
D3Jenny1,AHMVWJBGX9_8,Hellman IBD Study,SUB15236283,WGS,METAGENOMIC,size fractionation,paired,ILLUMINA,NextSeq 500,Nextera XT,fastq,D3Jenny1_R1.fastq.gz,D3Jenny1_R2.fastq.gz,,,,
D4Jenny02,AHMVWJBGX9_8,Hellman IBD Study,SUB15236283,WGS,METAGENOMIC,size fractionation,paired,ILLUMINA,NextSeq 500,Nextera XT,fastq,D4Jenny02_R1.fastq.gz,D4Jenny02_R2.fastq.gz,,,,
D4Jenny03,AHMVWJBGX9_8,Hellman IBD Study,SUB15236283,WGS,METAGENOMIC,size fractionation,paired,ILLUMINA,NextSeq 500,Nextera XT,fastq,D4Jenny03_R1.fastq.gz,D4Jenny03_R2.fastq.gz,,,,
D4Jenny1,AHMVWJBGX9_8,Hellman IBD Study,SUB15236283,WGS,METAGENOMIC,size fractionation,paired,ILLUMINA,NextSeq 500,Nextera XT,fastq,D4Jenny1_R1.fastq.gz,D4Jenny1_R2.fastq.gz,,,,
D5Jenny02,AHMVWJBGX9_8,Hellman IBD Study,SUB15236283,WGS,METAGENOMIC,size fractionation,paired,ILLUMINA,NextSeq 500,Nextera XT,fastq,D5Jenny02_R1.fastq.gz,D5Jenny02_R2.fastq.gz,,,,
D5Jenny03,AHMVWJBGX9_8,Hellman IBD Study,SUB15236283,WGS,METAGENOMIC,size fractionation,paired,ILLUMINA,NextSeq 500,Nextera XT,fastq,D5Jenny03_R1.fastq.gz,D5Jenny03_R2.fastq.gz,,,,
D5Jenny1,AHMVWJBGX9_8,Hellman IBD Study,SUB15236283,WGS,METAGENOMIC,size fractionation,paired,ILLUMINA,NextSeq 500,Nextera XT,fastq,D5Jenny1_R1.fastq.gz,D5Jenny1_R2.fastq.gz,,,,
D6Jenny02,AHMVWJBGX9_8,Hellman IBD Study,SUB15236283,WGS,METAGENOMIC,size fractionation,paired,ILLUMINA,NextSeq 500,Nextera XT,fastq,D6Jenny02_R1.fastq.gz,D6Jenny02_R2.fastq.gz,,,,
D6Jenny03,AHMVWJBGX9_8,Hellman IBD Study,SUB15236283,WGS,METAGENOMIC,size fractionation,paired,ILLUMINA,NextSeq 500,Nextera XT,fastq,D6Jenny03_R1.fastq.gz,D6Jenny03_R2.fastq.gz,,,,
D6Jenny1,AHMVWJBGX9_8,Hellman IBD Study,SUB15236283,WGS,METAGENOMIC,size fractionation,paired,ILLUMINA,NextSeq 500,Nextera XT,fastq,D6Jenny1_R1.fastq.gz,D6Jenny1_R2.fastq.gz,,,,
D7Heidi5,AHMVWJBGX9_8,Hellman IBD Study,SUB15236283,WGS,METAGENOMIC,size fractionation,paired,ILLUMINA,NextSeq 500,Nextera XT,fastq,D7Heidi5_R1.fastq.gz,D7Heidi5_R2.fastq.gz,,,,
D7Jenny02,AHMVWJBGX9_8,Hellman IBD Study,SUB15236283,WGS,METAGENOMIC,size fractionation,paired,ILLUMINA,NextSeq 500,Nextera XT,fastq,D7Jenny02_R1.fastq.gz,D7Jenny02_R2.fastq.gz,,,,
D7Jenny03,AHMVWJBGX9_8,Hellman IBD Study,SUB15236283,WGS,METAGENOMIC,size fractionation,paired,ILLUMINA,NextSeq 500,Nextera XT,fastq,D7Jenny03_R1.fastq.gz,D7Jenny03_R2.fastq.gz,,,,
D7Jenny1,AHMVWJBGX9_8,Hellman IBD Study,SUB15236283,WGS,METAGENOMIC,size fractionation,paired,ILLUMINA,NextSeq 500,Nextera XT,fastq,D7Jenny1_R1.fastq.gz,D7Jenny1_R2.fastq.gz,,,,
D8Heidi5,AHMVWJBGX9_8,Hellman IBD Study,SUB15236283,WGS,METAGENOMIC,size fractionation,paired,ILLUMINA,NextSeq 500,Nextera XT,fastq,D8Heidi5_R1.fastq.gz,D8Heidi5_R2.fastq.gz,,,,
D8Jenny02,AHMVWJBGX9_8,Hellman IBD Study,SUB15236283,WGS,METAGENOMIC,size fractionation,paired,ILLUMINA,NextSeq 500,Nextera XT,fastq,D8Jenny02_R1.fastq.gz,D8Jenny02_R2.fastq.gz,,,,
D8Jenny1,AHMVWJBGX9_8,Hellman IBD Study,SUB15236283,WGS,METAGENOMIC,size fractionation,paired,ILLUMINA,NextSeq 500,Nextera XT,fastq,D8Jenny1_R1.fastq.gz,D8Jenny1_R2.fastq.gz,,,,
D9Heidi5,AHMVWJBGX9_8,Hellman IBD Study,SUB15236283,WGS,METAGENOMIC,size fractionation,paired,ILLUMINA,NextSeq 500,Nextera XT,fastq,D9Heidi5_R1.fastq.gz,D9Heidi5_R2.fastq.gz,,,,
D9Jenny02,AHMVWJBGX9_8,Hellman IBD Study,SUB15236283,WGS,METAGENOMIC,size fractionation,paired,ILLUMINA,NextSeq 500,Nextera XT,fastq,D9Jenny02_R1.fastq.gz,D9Jenny02_R2.fastq.gz,,,,
D9Jenny03,AHMVWJBGX9_8,Hellman IBD Study,SUB15236283,WGS,METAGENOMIC,size fractionation,paired,ILLUMINA,NextSeq 500,Nextera XT,fastq,D9Jenny03_R1.fastq.gz,D9Jenny03_R2.fastq.gz,,,,
D9Jenny1,AHMVWJBGX9_8,Hellman IBD Study,SUB15236283,WGS,METAGENOMIC,size fractionation,paired,ILLUMINA,NextSeq 500,Nextera XT,fastq,D9Jenny1_R1.fastq.gz,D9Jenny1_R2.fastq.gz,,,,
E10Heidi3,AHMVWJBGX9_8,Hellman IBD Study,SUB15236283,WGS,METAGENOMIC,size fractionation,paired,ILLUMINA,NextSeq 500,Nextera XT,fastq,E10Heidi3_R1.fastq.gz,E10Heidi3_R2.fastq.gz,,,,
E10Heidi5,AHMVWJBGX9_8,Hellman IBD Study,SUB15236283,WGS,METAGENOMIC,size fractionation,paired,ILLUMINA,NextSeq 500,Nextera XT,fastq,E10Heidi5_R1.fastq.gz,E10Heidi5_R2.fastq.gz,,,,
E10Jenny02,AHMVWJBGX9_8,Hellman IBD Study,SUB15236283,WGS,METAGENOMIC,size fractionation,paired,ILLUMINA,NextSeq 500,Nextera XT,fastq,E10Jenny02_R1.fastq.gz,E10Jenny02_R2.fastq.gz,,,,
E10Jenny03,AHMVWJBGX9_8,Hellman IBD Study,SUB15236283,WGS,METAGENOMIC,size fractionation,paired,ILLUMINA,NextSeq 500,Nextera XT,fastq,E10Jenny03_R1.fastq.gz,E10Jenny03_R2.fastq.gz,,,,
E10Jenny1,AHMVWJBGX9_8,Hellman IBD Study,SUB15236283,WGS,METAGENOMIC,size fractionation,paired,ILLUMINA,NextSeq 500,Nextera XT,fastq,E10Jenny1_R1.fastq.gz,E10Jenny1_R2.fastq.gz,,,,
E11Heidi5,AHMVWJBGX9_8,Hellman IBD Study,SUB15236283,WGS,METAGENOMIC,size fractionation,paired,ILLUMINA,NextSeq 500,Nextera XT,fastq,E11Heidi5_R1.fastq.gz,E11Heidi5_R2.fastq.gz,,,,
E11Jenny02,AHMVWJBGX9_8,Hellman IBD Study,SUB15236283,WGS,METAGENOMIC,size fractionation,paired,ILLUMINA,NextSeq 500,Nextera XT,fastq,E11Jenny02_R1.fastq.gz,E11Jenny02_R2.fastq.gz,,,,
E11Jenny02,AHMVWJBGX9_8,Hellman IBD Study,SUB15236283,WGS,METAGENOMIC,size fractionation,paired,ILLUMINA,NextSeq 500,Nextera XT,fastq,E11Jenny02_R1.fastq.gz,E11Jenny02_R2.fastq.gz,,,,
E11Jenny03,AHMVWJBGX9_8,Hellman IBD Study,SUB15236283,WGS,METAGENOMIC,size fractionation,paired,ILLUMINA,NextSeq 500,Nextera XT,fastq,E11Jenny03_R1.fastq.gz,E11Jenny03_R2.fastq.gz,,,,
E11Jenny1,AHMVWJBGX9_8,Hellman IBD Study,SUB15236283,WGS,METAGENOMIC,size fractionation,paired,ILLUMINA,NextSeq 500,Nextera XT,fastq,E11Jenny1_R1.fastq.gz,E11Jenny1_R2.fastq.gz,,,,
E12Heidi3,AHMVWJBGX9_8,Hellman IBD Study,SUB15236283,WGS,METAGENOMIC,size fractionation,paired,ILLUMINA,NextSeq 500,Nextera XT,fastq,E12Heidi3_R1.fastq.gz,E12Heidi3_R2.fastq.gz,,,,
E12Jenny02,AHMVWJBGX9_8,Hellman IBD Study,SUB15236283,WGS,METAGENOMIC,size fractionation,paired,ILLUMINA,NextSeq 500,Nextera XT,fastq,E12Jenny02_R1.fastq.gz,E12Jenny02_R2.fastq.gz,,,,
E12Jenny03,AHMVWJBGX9_8,Hellman IBD Study,SUB15236283,WGS,METAGENOMIC,size fractionation,paired,ILLUMINA,NextSeq 500,Nextera XT,fastq,E12Jenny03_R1.fastq.gz,E12Jenny03_R2.fastq.gz,,,,
E12Jenny1,AHMVWJBGX9_8,Hellman IBD Study,SUB15236283,WGS,METAGENOMIC,size fractionation,paired,ILLUMINA,NextSeq 500,Nextera XT,fastq,E12Jenny1_R1.fastq.gz,E12Jenny1_R2.fastq.gz,,,,
E1Heidi5,AHMVWJBGX9_8,Hellman IBD Study,SUB15236283,WGS,METAGENOMIC,size fractionation,paired,ILLUMINA,NextSeq 500,Nextera XT,fastq,E1Heidi5_R1.fastq.gz,E1Heidi5_R2.fastq.gz,,,,
E1Jenny02,AHMVWJBGX9_8,Hellman IBD Study,SUB15236283,WGS,METAGENOMIC,size fractionation,paired,ILLUMINA,NextSeq 500,Nextera XT,fastq,E1Jenny02_R1.fastq.gz,E1Jenny02_R2.fastq.gz,,,,
E1Jenny03,AHMVWJBGX9_8,Hellman IBD Study,SUB15236283,WGS,METAGENOMIC,size fractionation,paired,ILLUMINA,NextSeq 500,Nextera XT,fastq,E1Jenny03_R1.fastq.gz,E1Jenny03_R2.fastq.gz,,,,
E1Jenny1,AHMVWJBGX9_8,Hellman IBD Study,SUB15236283,WGS,METAGENOMIC,size fractionation,paired,ILLUMINA,NextSeq 500,Nextera XT,fastq,E1Jenny1_R1.fastq.gz,E1Jenny1_R2.fastq.gz,,,,
E2Heidi5,AHMVWJBGX9_8,Hellman IBD Study,SUB15236283,WGS,METAGENOMIC,size fractionation,paired,ILLUMINA,NextSeq 500,Nextera XT,fastq,E2Heidi5_R1.fastq.gz,E2Heidi5_R2.fastq.gz,,,,
E2Jenny02,AHMVWJBGX9_8,Hellman IBD Study,SUB15236283,WGS,METAGENOMIC,size fractionation,paired,ILLUMINA,NextSeq 500,Nextera XT,fastq,E2Jenny02_R1.fastq.gz,E2Jenny02_R2.fastq.gz,,,,
E2Jenny03,AHMVWJBGX9_8,Hellman IBD Study,SUB15236283,WGS,METAGENOMIC,size fractionation,paired,ILLUMINA,NextSeq 500,Nextera XT,fastq,E2Jenny03_R1.fastq.gz,E2Jenny03_R2.fastq.gz,,,,
E2Jenny1,AHMVWJBGX9_8,Hellman IBD Study,SUB15236283,WGS,METAGENOMIC,size fractionation,paired,ILLUMINA,NextSeq 500,Nextera XT,fastq,E2Jenny1_R1.fastq.gz,E2Jenny1_R2.fastq.gz,,,,
E3Heidi5,AHMVWJBGX9_8,Hellman IBD Study,SUB15236283,WGS,METAGENOMIC,size fractionation,paired,ILLUMINA,NextSeq 500,Nextera XT,fastq,E3Heidi5_R1.fastq.gz,E3Heidi5_R2.fastq.gz,,,,
E3Jenny02,AHMVWJBGX9_8,Hellman IBD Study,SUB15236283,WGS,METAGENOMIC,size fractionation,paired,ILLUMINA,NextSeq 500,Nextera XT,fastq,E3Jenny02_R1.fastq.gz,E3Jenny02_R2.fastq.gz,,,,
E3Jenny03,AHMVWJBGX9_8,Hellman IBD Study,SUB15236283,WGS,METAGENOMIC,size fractionation,paired,ILLUMINA,NextSeq 500,Nextera XT,fastq,E3Jenny03_R1.fastq.gz,E3Jenny03_R2.fastq.gz,,,,
E3Jenny1,AHMVWJBGX9_8,Hellman IBD Study,SUB15236283,WGS,METAGENOMIC,size fractionation,paired,ILLUMINA,NextSeq 500,Nextera XT,fastq,E3Jenny1_R1.fastq.gz,E3Jenny1_R2.fastq.gz,,,,
E4Heidi5,AHMVWJBGX9_8,Hellman IBD Study,SUB15236283,WGS,METAGENOMIC,size fractionation,paired,ILLUMINA,NextSeq 500,Nextera XT,fastq,E4Heidi5_R1.fastq.gz,E4Heidi5_R2.fastq.gz,,,,
E4Jenny02,AHMVWJBGX9_8,Hellman IBD Study,SUB15236283,WGS,METAGENOMIC,size fractionation,paired,ILLUMINA,NextSeq 500,Nextera XT,fastq,E4Jenny02_R1.fastq.gz,E4Jenny02_R2.fastq.gz,,,,
E4Jenny1,AHMVWJBGX9_8,Hellman IBD Study,SUB15236283,WGS,METAGENOMIC,size fractionation,paired,ILLUMINA,NextSeq 500,Nextera XT,fastq,E4Jenny1_R1.fastq.gz,E4Jenny1_R2.fastq.gz,,,,
E5Heidi5,AHMVWJBGX9_8,Hellman IBD Study,SUB15236283,WGS,METAGENOMIC,size fractionation,paired,ILLUMINA,NextSeq 500,Nextera XT,fastq,E5Heidi5_R1.fastq.gz,E5Heidi5_R2.fastq.gz,,,,
E5Jenny02,AHMVWJBGX9_8,Hellman IBD Study,SUB15236283,WGS,METAGENOMIC,size fractionation,paired,ILLUMINA,NextSeq 500,Nextera XT,fastq,E5Jenny02_R1.fastq.gz,E5Jenny02_R2.fastq.gz,,,,
E5Jenny03,AHMVWJBGX9_8,Hellman IBD Study,SUB15236283,WGS,METAGENOMIC,size fractionation,paired,ILLUMINA,NextSeq 500,Nextera XT,fastq,E5Jenny03_R1.fastq.gz,E5Jenny03_R2.fastq.gz,,,,
E5Jenny1,AHMVWJBGX9_8,Hellman IBD Study,SUB15236283,WGS,METAGENOMIC,size fractionation,paired,ILLUMINA,NextSeq 500,Nextera XT,fastq,E5Jenny1_R1.fastq.gz,E5Jenny1_R2.fastq.gz,,,,
E6Heidi5,AHMVWJBGX9_8,Hellman IBD Study,SUB15236283,WGS,METAGENOMIC,size fractionation,paired,ILLUMINA,NextSeq 500,Nextera XT,fastq,E6Heidi5_R1.fastq.gz,E6Heidi5_R2.fastq.gz,,,,
E6Jenny02,AHMVWJBGX9_8,Hellman IBD Study,SUB15236283,WGS,METAGENOMIC,size fractionation,paired,ILLUMINA,NextSeq 500,Nextera XT,fastq,E6Jenny02_R1.fastq.gz,E6Jenny02_R2.fastq.gz,,,,
E6Jenny03,AHMVWJBGX9_8,Hellman IBD Study,SUB15236283,WGS,METAGENOMIC,size fractionation,paired,ILLUMINA,NextSeq 500,Nextera XT,fastq,E6Jenny03_R1.fastq.gz,E6Jenny03_R2.fastq.gz,,,,
E6Jenny1,AHMVWJBGX9_8,Hellman IBD Study,SUB15236283,WGS,METAGENOMIC,size fractionation,paired,ILLUMINA,NextSeq 500,Nextera XT,fastq,E6Jenny1_R1.fastq.gz,E6Jenny1_R2.fastq.gz,,,,
E7Heidi5,AHMVWJBGX9_8,Hellman IBD Study,SUB15236283,WGS,METAGENOMIC,size fractionation,paired,ILLUMINA,NextSeq 500,Nextera XT,fastq,E7Heidi5_R1.fastq.gz,E7Heidi5_R2.fastq.gz,,,,
E7Jenny02,AHMVWJBGX9_8,Hellman IBD Study,SUB15236283,WGS,METAGENOMIC,size fractionation,paired,ILLUMINA,NextSeq 500,Nextera XT,fastq,E7Jenny02_R1.fastq.gz,E7Jenny02_R2.fastq.gz,,,,
E7Jenny03,AHMVWJBGX9_8,Hellman IBD Study,SUB15236283,WGS,METAGENOMIC,size fractionation,paired,ILLUMINA,NextSeq 500,Nextera XT,fastq,E7Jenny03_R1.fastq.gz,E7Jenny03_R2.fastq.gz,,,,
E7Jenny1,AHMVWJBGX9_8,Hellman IBD Study,SUB15236283,WGS,METAGENOMIC,size fractionation,paired,ILLUMINA,NextSeq 500,Nextera XT,fastq,E7Jenny1_R1.fastq.gz,E7Jenny1_R2.fastq.gz,,,,
E8Heidi5,AHMVWJBGX9_8,Hellman IBD Study,SUB15236283,WGS,METAGENOMIC,size fractionation,paired,ILLUMINA,NextSeq 500,Nextera XT,fastq,E8Heidi5_R1.fastq.gz,E8Heidi5_R2.fastq.gz,,,,
E8Jenny02,AHMVWJBGX9_8,Hellman IBD Study,SUB15236283,WGS,METAGENOMIC,size fractionation,paired,ILLUMINA,NextSeq 500,Nextera XT,fastq,E8Jenny02_R1.fastq.gz,E8Jenny02_R2.fastq.gz,,,,
E8Jenny03,AHMVWJBGX9_8,Hellman IBD Study,SUB15236283,WGS,METAGENOMIC,size fractionation,paired,ILLUMINA,NextSeq 500,Nextera XT,fastq,E8Jenny03_R1.fastq.gz,E8Jenny03_R2.fastq.gz,,,,
E8Jenny1,AHMVWJBGX9_8,Hellman IBD Study,SUB15236283,WGS,METAGENOMIC,size fractionation,paired,ILLUMINA,NextSeq 500,Nextera XT,fastq,E8Jenny1_R1.fastq.gz,E8Jenny1_R2.fastq.gz,,,,
E9Heidi5,AHMVWJBGX9_8,Hellman IBD Study,SUB15236283,WGS,METAGENOMIC,size fractionation,paired,ILLUMINA,NextSeq 500,Nextera XT,fastq,E9Heidi5_R1.fastq.gz,E9Heidi5_R2.fastq.gz,,,,
E9Jenny02,AHMVWJBGX9_8,Hellman IBD Study,SUB15236283,WGS,METAGENOMIC,size fractionation,paired,ILLUMINA,NextSeq 500,Nextera XT,fastq,E9Jenny02_R1.fastq.gz,E9Jenny02_R2.fastq.gz,,,,
E9Jenny02,AHMVWJBGX9_8,Hellman IBD Study,SUB15236283,WGS,METAGENOMIC,size fractionation,paired,ILLUMINA,NextSeq 500,Nextera XT,fastq,E9Jenny02_R1.fastq.gz,E9Jenny02_R2.fastq.gz,,,,
E9Jenny1,AHMVWJBGX9_8,Hellman IBD Study,SUB15236283,WGS,METAGENOMIC,size fractionation,paired,ILLUMINA,NextSeq 500,Nextera XT,fastq,E9Jenny1_R1.fastq.gz,E9Jenny1_R2.fastq.gz,,,,
F10Jenny02,AHMVWJBGX9_8,Hellman IBD Study,SUB15236283,WGS,METAGENOMIC,size fractionation,paired,ILLUMINA,NextSeq 500,Nextera XT,fastq,F10Jenny02_R1.fastq.gz,F10Jenny02_R2.fastq.gz,,,,
F10Jenny03,AHMVWJBGX9_8,Hellman IBD Study,SUB15236283,WGS,METAGENOMIC,size fractionation,paired,ILLUMINA,NextSeq 500,Nextera XT,fastq,F10Jenny03_R1.fastq.gz,F10Jenny03_R2.fastq.gz,,,,
F10Jenny1,AHMVWJBGX9_8,Hellman IBD Study,SUB15236283,WGS,METAGENOMIC,size fractionation,paired,ILLUMINA,NextSeq 500,Nextera XT,fastq,F10Jenny1_R1.fastq.gz,F10Jenny1_R2.fastq.gz,,,,
F11Jenny02,AHMVWJBGX9_8,Hellman IBD Study,SUB15236283,WGS,METAGENOMIC,size fractionation,paired,ILLUMINA,NextSeq 500,Nextera XT,fastq,F11Jenny02_R1.fastq.gz,F11Jenny02_R2.fastq.gz,,,,
F11Jenny03,AHMVWJBGX9_8,Hellman IBD Study,SUB15236283,WGS,METAGENOMIC,size fractionation,paired,ILLUMINA,NextSeq 500,Nextera XT,fastq,F11Jenny03_R1.fastq.gz,F11Jenny03_R2.fastq.gz,,,,
F11Jenny1,AHMVWJBGX9_8,Hellman IBD Study,SUB15236283,WGS,METAGENOMIC,size fractionation,paired,ILLUMINA,NextSeq 500,Nextera XT,fastq,F11Jenny1_R1.fastq.gz,F11Jenny1_R2.fastq.gz,,,,
F12Jenny02,AHMVWJBGX9_8,Hellman IBD Study,SUB15236283,WGS,METAGENOMIC,size fractionation,paired,ILLUMINA,NextSeq 500,Nextera XT,fastq,F12Jenny02_R1.fastq.gz,F12Jenny02_R2.fastq.gz,,,,
F12Jenny03,AHMVWJBGX9_8,Hellman IBD Study,SUB15236283,WGS,METAGENOMIC,size fractionation,paired,ILLUMINA,NextSeq 500,Nextera XT,fastq,F12Jenny03_R1.fastq.gz,F12Jenny03_R2.fastq.gz,,,,
F12Jenny1,AHMVWJBGX9_8,Hellman IBD Study,SUB15236283,WGS,METAGENOMIC,size fractionation,paired,ILLUMINA,NextSeq 500,Nextera XT,fastq,F12Jenny1_R1.fastq.gz,F12Jenny1_R2.fastq.gz,,,,
F1Jenny02,AHMVWJBGX9_8,Hellman IBD Study,SUB15236283,WGS,METAGENOMIC,size fractionation,paired,ILLUMINA,NextSeq 500,Nextera XT,fastq,F1Jenny02_R1.fastq.gz,F1Jenny02_R2.fastq.gz,,,,
F1Jenny03,AHMVWJBGX9_8,Hellman IBD Study,SUB15236283,WGS,METAGENOMIC,size fractionation,paired,ILLUMINA,NextSeq 500,Nextera XT,fastq,F1Jenny03_R1.fastq.gz,F1Jenny03_R2.fastq.gz,,,,
F1Jenny1,AHMVWJBGX9_8,Hellman IBD Study,SUB15236283,WGS,METAGENOMIC,size fractionation,paired,ILLUMINA,NextSeq 500,Nextera XT,fastq,F1Jenny1_R1.fastq.gz,F1Jenny1_R2.fastq.gz,,,,
F2Heidi5,AHMVWJBGX9_8,Hellman IBD Study,SUB15236283,WGS,METAGENOMIC,size fractionation,paired,ILLUMINA,NextSeq 500,Nextera XT,fastq,F2Heidi5_R1.fastq.gz,F2Heidi5_R2.fastq.gz,,,,
F2Jenny02,AHMVWJBGX9_8,Hellman IBD Study,SUB15236283,WGS,METAGENOMIC,size fractionation,paired,ILLUMINA,NextSeq 500,Nextera XT,fastq,F2Jenny02_R1.fastq.gz,F2Jenny02_R2.fastq.gz,,,,
F2Jenny03,AHMVWJBGX9_8,Hellman IBD Study,SUB15236283,WGS,METAGENOMIC,size fractionation,paired,ILLUMINA,NextSeq 500,Nextera XT,fastq,F2Jenny03_R1.fastq.gz,F2Jenny03_R2.fastq.gz,,,,
F2Jenny1,AHMVWJBGX9_8,Hellman IBD Study,SUB15236283,WGS,METAGENOMIC,size fractionation,paired,ILLUMINA,NextSeq 500,Nextera XT,fastq,F2Jenny1_R1.fastq.gz,F2Jenny1_R2.fastq.gz,,,,
F3Jenny02,AHMVWJBGX9_8,Hellman IBD Study,SUB15236283,WGS,METAGENOMIC,size fractionation,paired,ILLUMINA,NextSeq 500,Nextera XT,fastq,F3Jenny02_R1.fastq.gz,F3Jenny02_R2.fastq.gz,,,,
F3Jenny03,AHMVWJBGX9_8,Hellman IBD Study,SUB15236283,WGS,METAGENOMIC,size fractionation,paired,ILLUMINA,NextSeq 500,Nextera XT,fastq,F3Jenny03_R1.fastq.gz,F3Jenny03_R2.fastq.gz,,,,
F3Jenny1,AHMVWJBGX9_8,Hellman IBD Study,SUB15236283,WGS,METAGENOMIC,size fractionation,paired,ILLUMINA,NextSeq 500,Nextera XT,fastq,F3Jenny1_R1.fastq.gz,F3Jenny1_R2.fastq.gz,,,,
F4Jenny02,AHMVWJBGX9_8,Hellman IBD Study,SUB15236283,WGS,METAGENOMIC,size fractionation,paired,ILLUMINA,NextSeq 500,Nextera XT,fastq,F4Jenny02_R1.fastq.gz,F4Jenny02_R2.fastq.gz,,,,
F4Jenny03,AHMVWJBGX9_8,Hellman IBD Study,SUB15236283,WGS,METAGENOMIC,size fractionation,paired,ILLUMINA,NextSeq 500,Nextera XT,fastq,F4Jenny03_R1.fastq.gz,F4Jenny03_R2.fastq.gz,,,,
F4Jenny1,AHMVWJBGX9_8,Hellman IBD Study,SUB15236283,WGS,METAGENOMIC,size fractionation,paired,ILLUMINA,NextSeq 500,Nextera XT,fastq,F4Jenny1_R1.fastq.gz,F4Jenny1_R2.fastq.gz,,,,
F5Jenny02,AHMVWJBGX9_8,Hellman IBD Study,SUB15236283,WGS,METAGENOMIC,size fractionation,paired,ILLUMINA,NextSeq 500,Nextera XT,fastq,F5Jenny02_R1.fastq.gz,F5Jenny02_R2.fastq.gz,,,,
F5Jenny03,AHMVWJBGX9_8,Hellman IBD Study,SUB15236283,WGS,METAGENOMIC,size fractionation,paired,ILLUMINA,NextSeq 500,Nextera XT,fastq,F5Jenny03_R1.fastq.gz,F5Jenny03_R2.fastq.gz,,,,
F5Jenny1,AHMVWJBGX9_8,Hellman IBD Study,SUB15236283,WGS,METAGENOMIC,size fractionation,paired,ILLUMINA,NextSeq 500,Nextera XT,fastq,F5Jenny1_R1.fastq.gz,F5Jenny1_R2.fastq.gz,,,,
F6Jenny02,AHMVWJBGX9_8,Hellman IBD Study,SUB15236283,WGS,METAGENOMIC,size fractionation,paired,ILLUMINA,NextSeq 500,Nextera XT,fastq,F6Jenny02_R1.fastq.gz,F6Jenny02_R2.fastq.gz,,,,
F6Jenny03,AHMVWJBGX9_8,Hellman IBD Study,SUB15236283,WGS,METAGENOMIC,size fractionation,paired,ILLUMINA,NextSeq 500,Nextera XT,fastq,F6Jenny03_R1.fastq.gz,F6Jenny03_R2.fastq.gz,,,,
F6Jenny1,AHMVWJBGX9_8,Hellman IBD Study,SUB15236283,WGS,METAGENOMIC,size fractionation,paired,ILLUMINA,NextSeq 500,Nextera XT,fastq,F6Jenny1_R1.fastq.gz,F6Jenny1_R2.fastq.gz,,,,
F7Jenny02,AHMVWJBGX9_8,Hellman IBD Study,SUB15236283,WGS,METAGENOMIC,size fractionation,paired,ILLUMINA,NextSeq 500,Nextera XT,fastq,F7Jenny02_R1.fastq.gz,F7Jenny02_R2.fastq.gz,,,,
F7Jenny03,AHMVWJBGX9_8,Hellman IBD Study,SUB15236283,WGS,METAGENOMIC,size fractionation,paired,ILLUMINA,NextSeq 500,Nextera XT,fastq,F7Jenny03_R1.fastq.gz,F7Jenny03_R2.fastq.gz,,,,
F7Jenny1,AHMVWJBGX9_8,Hellman IBD Study,SUB15236283,WGS,METAGENOMIC,size fractionation,paired,ILLUMINA,NextSeq 500,Nextera XT,fastq,F7Jenny1_R1.fastq.gz,F7Jenny1_R2.fastq.gz,,,,
F8Jenny02,AHMVWJBGX9_8,Hellman IBD Study,SUB15236283,WGS,METAGENOMIC,size fractionation,paired,ILLUMINA,NextSeq 500,Nextera XT,fastq,F8Jenny02_R1.fastq.gz,F8Jenny02_R2.fastq.gz,,,,
F8Jenny03,AHMVWJBGX9_8,Hellman IBD Study,SUB15236283,WGS,METAGENOMIC,size fractionation,paired,ILLUMINA,NextSeq 500,Nextera XT,fastq,F8Jenny03_R1.fastq.gz,F8Jenny03_R2.fastq.gz,,,,
F8Jenny1,AHMVWJBGX9_8,Hellman IBD Study,SUB15236283,WGS,METAGENOMIC,size fractionation,paired,ILLUMINA,NextSeq 500,Nextera XT,fastq,F8Jenny1_R1.fastq.gz,F8Jenny1_R2.fastq.gz,,,,
F9Jenny02,AHMVWJBGX9_8,Hellman IBD Study,SUB15236283,WGS,METAGENOMIC,size fractionation,paired,ILLUMINA,NextSeq 500,Nextera XT,fastq,F9Jenny02_R1.fastq.gz,F9Jenny02_R2.fastq.gz,,,,
F9Jenny03,AHMVWJBGX9_8,Hellman IBD Study,SUB15236283,WGS,METAGENOMIC,size fractionation,paired,ILLUMINA,NextSeq 500,Nextera XT,fastq,F9Jenny03_R1.fastq.gz,F9Jenny03_R2.fastq.gz,,,,
F9Jenny1,AHMVWJBGX9_8,Hellman IBD Study,SUB15236283,WGS,METAGENOMIC,size fractionation,paired,ILLUMINA,NextSeq 500,Nextera XT,fastq,F9Jenny1_R1.fastq.gz,F9Jenny1_R2.fastq.gz,,,,
G10Jenny1,AHMVWJBGX9_8,Hellman IBD Study,SUB15236283,WGS,METAGENOMIC,size fractionation,paired,ILLUMINA,NextSeq 500,Nextera XT,fastq,G10Jenny1_R1.fastq.gz,G10Jenny1_R2.fastq.gz,,,,
G11Jenny1,AHMVWJBGX9_8,Hellman IBD Study,SUB15236283,WGS,METAGENOMIC,size fractionation,paired,ILLUMINA,NextSeq 500,Nextera XT,fastq,G11Jenny1_R1.fastq.gz,G11Jenny1_R2.fastq.gz,,,,
G12Jenny02,AHMVWJBGX9_8,Hellman IBD Study,SUB15236283,WGS,METAGENOMIC,size fractionation,paired,ILLUMINA,NextSeq 500,Nextera XT,fastq,G12Jenny02_R1.fastq.gz,G12Jenny02_R2.fastq.gz,,,,
G1Jenny02,AHMVWJBGX9_8,Hellman IBD Study,SUB15236283,WGS,METAGENOMIC,size fractionation,paired,ILLUMINA,NextSeq 500,Nextera XT,fastq,G1Jenny02_R1.fastq.gz,G1Jenny02_R2.fastq.gz,,,,
G1Jenny03,AHMVWJBGX9_8,Hellman IBD Study,SUB15236283,WGS,METAGENOMIC,size fractionation,paired,ILLUMINA,NextSeq 500,Nextera XT,fastq,G1Jenny03_R1.fastq.gz,G1Jenny03_R2.fastq.gz,,,,
G1Jenny1,AHMVWJBGX9_8,Hellman IBD Study,SUB15236283,WGS,METAGENOMIC,size fractionation,paired,ILLUMINA,NextSeq 500,Nextera XT,fastq,G1Jenny1_R1.fastq.gz,G1Jenny1_R2.fastq.gz,,,,
G2Jenny02,AHMVWJBGX9_8,Hellman IBD Study,SUB15236283,WGS,METAGENOMIC,size fractionation,paired,ILLUMINA,NextSeq 500,Nextera XT,fastq,G2Jenny02_R1.fastq.gz,G2Jenny02_R2.fastq.gz,,,,
G2Jenny03,AHMVWJBGX9_8,Hellman IBD Study,SUB15236283,WGS,METAGENOMIC,size fractionation,paired,ILLUMINA,NextSeq 500,Nextera XT,fastq,G2Jenny03_R1.fastq.gz,G2Jenny03_R2.fastq.gz,,,,
G2Jenny1,AHMVWJBGX9_8,Hellman IBD Study,SUB15236283,WGS,METAGENOMIC,size fractionation,paired,ILLUMINA,NextSeq 500,Nextera XT,fastq,G2Jenny1_R1.fastq.gz,G2Jenny1_R2.fastq.gz,,,,
G3Jenny1,AHMVWJBGX9_8,Hellman IBD Study,SUB15236283,WGS,METAGENOMIC,size fractionation,paired,ILLUMINA,NextSeq 500,Nextera XT,fastq,G3Jenny1_R1.fastq.gz,G3Jenny1_R2.fastq.gz,,,,
G4Jenny02,AHMVWJBGX9_8,Hellman IBD Study,SUB15236283,WGS,METAGENOMIC,size fractionation,paired,ILLUMINA,NextSeq 500,Nextera XT,fastq,G4Jenny02_R1.fastq.gz,G4Jenny02_R2.fastq.gz,,,,
G4Jenny1,AHMVWJBGX9_8,Hellman IBD Study,SUB15236283,WGS,METAGENOMIC,size fractionation,paired,ILLUMINA,NextSeq 500,Nextera XT,fastq,G4Jenny1_R1.fastq.gz,G4Jenny1_R2.fastq.gz,,,,
G5Jenny02,AHMVWJBGX9_8,Hellman IBD Study,SUB15236283,WGS,METAGENOMIC,size fractionation,paired,ILLUMINA,NextSeq 500,Nextera XT,fastq,G5Jenny02_R1.fastq.gz,G5Jenny02_R2.fastq.gz,,,,
G5Jenny1,AHMVWJBGX9_8,Hellman IBD Study,SUB15236283,WGS,METAGENOMIC,size fractionation,paired,ILLUMINA,NextSeq 500,Nextera XT,fastq,G5Jenny1_R1.fastq.gz,G5Jenny1_R2.fastq.gz,,,,
G6Jenny02,AHMVWJBGX9_8,Hellman IBD Study,SUB15236283,WGS,METAGENOMIC,size fractionation,paired,ILLUMINA,NextSeq 500,Nextera XT,fastq,G6Jenny02_R1.fastq.gz,G6Jenny02_R2.fastq.gz,,,,
G6Jenny1,AHMVWJBGX9_8,Hellman IBD Study,SUB15236283,WGS,METAGENOMIC,size fractionation,paired,ILLUMINA,NextSeq 500,Nextera XT,fastq,G6Jenny1_R1.fastq.gz,G6Jenny1_R2.fastq.gz,,,,
G7Jenny02,AHMVWJBGX9_8,Hellman IBD Study,SUB15236283,WGS,METAGENOMIC,size fractionation,paired,ILLUMINA,NextSeq 500,Nextera XT,fastq,G7Jenny02_R1.fastq.gz,G7Jenny02_R2.fastq.gz,,,,
G7Jenny1,AHMVWJBGX9_8,Hellman IBD Study,SUB15236283,WGS,METAGENOMIC,size fractionation,paired,ILLUMINA,NextSeq 500,Nextera XT,fastq,G7Jenny1_R1.fastq.gz,G7Jenny1_R2.fastq.gz,,,,
G8Jenny02,AHMVWJBGX9_8,Hellman IBD Study,SUB15236283,WGS,METAGENOMIC,size fractionation,paired,ILLUMINA,NextSeq 500,Nextera XT,fastq,G8Jenny02_R1.fastq.gz,G8Jenny02_R2.fastq.gz,,,,
G8Jenny1,AHMVWJBGX9_8,Hellman IBD Study,SUB15236283,WGS,METAGENOMIC,size fractionation,paired,ILLUMINA,NextSeq 500,Nextera XT,fastq,G8Jenny1_R1.fastq.gz,G8Jenny1_R2.fastq.gz,,,,
G9Jenny1,AHMVWJBGX9_8,Hellman IBD Study,SUB15236283,WGS,METAGENOMIC,size fractionation,paired,ILLUMINA,NextSeq 500,Nextera XT,fastq,G9Jenny1_R1.fastq.gz,G9Jenny1_R2.fastq.gz,,,,
H10Jenny02,AHMVWJBGX9_8,Hellman IBD Study,SUB15236283,WGS,METAGENOMIC,size fractionation,paired,ILLUMINA,NextSeq 500,Nextera XT,fastq,H10Jenny02_R1.fastq.gz,H10Jenny02_R2.fastq.gz,,,,
H10Jenny1,AHMVWJBGX9_8,Hellman IBD Study,SUB15236283,WGS,METAGENOMIC,size fractionation,paired,ILLUMINA,NextSeq 500,Nextera XT,fastq,H10Jenny1_R1.fastq.gz,H10Jenny1_R2.fastq.gz,,,,
H11Jenny02,AHMVWJBGX9_8,Hellman IBD Study,SUB15236283,WGS,METAGENOMIC,size fractionation,paired,ILLUMINA,NextSeq 500,Nextera XT,fastq,H11Jenny02_R1.fastq.gz,H11Jenny02_R2.fastq.gz,,,,
H11Jenny1,AHMVWJBGX9_8,Hellman IBD Study,SUB15236283,WGS,METAGENOMIC,size fractionation,paired,ILLUMINA,NextSeq 500,Nextera XT,fastq,H11Jenny1_R1.fastq.gz,H11Jenny1_R2.fastq.gz,,,,
H12Jenny1,AHMVWJBGX9_8,Hellman IBD Study,SUB15236283,WGS,METAGENOMIC,size fractionation,paired,ILLUMINA,NextSeq 500,Nextera XT,fastq,H12Jenny1_R1.fastq.gz,H12Jenny1_R2.fastq.gz,,,,
H1Jenny02,AHMVWJBGX9_8,Hellman IBD Study,SUB15236283,WGS,METAGENOMIC,size fractionation,paired,ILLUMINA,NextSeq 500,Nextera XT,fastq,H1Jenny02_R1.fastq.gz,H1Jenny02_R2.fastq.gz,,,,
H1Jenny1,AHMVWJBGX9_8,Hellman IBD Study,SUB15236283,WGS,METAGENOMIC,size fractionation,paired,ILLUMINA,NextSeq 500,Nextera XT,fastq,H1Jenny1_R1.fastq.gz,H1Jenny1_R2.fastq.gz,,,,
H2Jenny02,AHMVWJBGX9_8,Hellman IBD Study,SUB15236283,WGS,METAGENOMIC,size fractionation,paired,ILLUMINA,NextSeq 500,Nextera XT,fastq,H2Jenny02_R1.fastq.gz,H2Jenny02_R2.fastq.gz,,,,
H3Jenny02,AHMVWJBGX9_8,Hellman IBD Study,SUB15236283,WGS,METAGENOMIC,size fractionation,paired,ILLUMINA,NextSeq 500,Nextera XT,fastq,H3Jenny02_R1.fastq.gz,H3Jenny02_R2.fastq.gz,,,,
H3Jenny1,AHMVWJBGX9_8,Hellman IBD Study,SUB15236283,WGS,METAGENOMIC,size fractionation,paired,ILLUMINA,NextSeq 500,Nextera XT,fastq,H3Jenny1_R1.fastq.gz,H3Jenny1_R2.fastq.gz,,,,
H4Jenny02,AHMVWJBGX9_8,Hellman IBD Study,SUB15236283,WGS,METAGENOMIC,size fractionation,paired,ILLUMINA,NextSeq 500,Nextera XT,fastq,H4Jenny02_R1.fastq.gz,H4Jenny02_R2.fastq.gz,,,,
H4Jenny1,AHMVWJBGX9_8,Hellman IBD Study,SUB15236283,WGS,METAGENOMIC,size fractionation,paired,ILLUMINA,NextSeq 500,Nextera XT,fastq,H4Jenny1_R1.fastq.gz,H4Jenny1_R2.fastq.gz,,,,
H5Jenny02,AHMVWJBGX9_8,Hellman IBD Study,SUB15236283,WGS,METAGENOMIC,size fractionation,paired,ILLUMINA,NextSeq 500,Nextera XT,fastq,H5Jenny02_R1.fastq.gz,H5Jenny02_R2.fastq.gz,,,,
H5Jenny1,AHMVWJBGX9_8,Hellman IBD Study,SUB15236283,WGS,METAGENOMIC,size fractionation,paired,ILLUMINA,NextSeq 500,Nextera XT,fastq,H5Jenny1_R1.fastq.gz,H5Jenny1_R2.fastq.gz,,,,
H6Jenny02,AHMVWJBGX9_8,Hellman IBD Study,SUB15236283,WGS,METAGENOMIC,size fractionation,paired,ILLUMINA,NextSeq 500,Nextera XT,fastq,H6Jenny02_R1.fastq.gz,H6Jenny02_R2.fastq.gz,,,,
H6Jenny1,AHMVWJBGX9_8,Hellman IBD Study,SUB15236283,WGS,METAGENOMIC,size fractionation,paired,ILLUMINA,NextSeq 500,Nextera XT,fastq,H6Jenny1_R1.fastq.gz,H6Jenny1_R2.fastq.gz,,,,
H7Jenny1,AHMVWJBGX9_8,Hellman IBD Study,SUB15236283,WGS,METAGENOMIC,size fractionation,paired,ILLUMINA,NextSeq 500,Nextera XT,fastq,H7Jenny1_R1.fastq.gz,H7Jenny1_R2.fastq.gz,,,,
H8Jenny02,AHMVWJBGX9_8,Hellman IBD Study,SUB15236283,WGS,METAGENOMIC,size fractionation,paired,ILLUMINA,NextSeq 500,Nextera XT,fastq,H8Jenny02_R1.fastq.gz,H8Jenny02_R2.fastq.gz,,,,
H8Jenny1,AHMVWJBGX9_8,Hellman IBD Study,SUB15236283,WGS,METAGENOMIC,size fractionation,paired,ILLUMINA,NextSeq 500,Nextera XT,fastq,H8Jenny1_R1.fastq.gz,H8Jenny1_R2.fastq.gz,,,,
H9Jenny02,AHMVWJBGX9_8,Hellman IBD Study,SUB15236283,WGS,METAGENOMIC,size fractionation,paired,ILLUMINA,NextSeq 500,Nextera XT,fastq,H9Jenny02_R1.fastq.gz,H9Jenny02_R2.fastq.gz,,,,
H9Jenny1,AHMVWJBGX9_8,Hellman IBD Study,SUB15236283,WGS,METAGENOMIC,size fractionation,paired,ILLUMINA,NextSeq 500,Nextera XT,fastq,H9Jenny1_R1.fastq.gz,H9Jenny1_R2.fastq.gz,,,,
IBD_007,AHMVWJBGX9_8,Hellman IBD Study,SUB15236283,WGS,METAGENOMIC,size fractionation,paired,ILLUMINA,NextSeq 500,Nextera XT,fastq,IBD_007_R1.fastq.gz,IBD_007_R2.fastq.gz,,,,
IBD_204,AHMVWJBGX9_8,Hellman IBD Study,SUB15236283,WGS,METAGENOMIC,size fractionation,paired,ILLUMINA,NextSeq 500,Nextera XT,fastq,IBD_204_R1.fastq.gz,IBD_204_R2.fastq.gz,,,,
IBD_516,AHMVWJBGX9_8,Hellman IBD Study,SUB15236283,WGS,METAGENOMIC,size fractionation,paired,ILLUMINA,NextSeq 500,Nextera XT,fastq,IBD_516_R1.fastq.gz,IBD_516_R2.fastq.gz,,,,
IBD_520_CDC_491_Pellet,AHMVWJBGX9_8,Hellman IBD Study,SUB15236283,WGS,METAGENOMIC,size fractionation,paired,ILLUMINA,NextSeq 500,Nextera XT,fastq,IBD_520_CDC_491_Pellet_R1.fastq.gz,IBD_520_CDC_491_Pellet_R2.fastq.gz,,,,
IBD_521,AHMVWJBGX9_8,Hellman IBD Study,SUB15236283,WGS,METAGENOMIC,size fractionation,paired,ILLUMINA,NextSeq 500,Nextera XT,fastq,IBD_521_R1.fastq.gz,IBD_521_R2.fastq.gz,,,,
IBD_525_A.N,AHMVWJBGX9_8,Hellman IBD Study,SUB15236283,WGS,METAGENOMIC,size fractionation,paired,ILLUMINA,NextSeq 500,Nextera XT,fastq,IBD_525_A.N_R1.fastq.gz,IBD_525_A.N_R2.fastq.gz,,,,
IBD_532,AHMVWJBGX9_8,Hellman IBD Study,SUB15236283,WGS,METAGENOMIC,size fractionation,paired,ILLUMINA,NextSeq 500,Nextera XT,fastq,IBD_532_R1.fastq.gz,IBD_532_R2.fastq.gz,,,,
IBD_533,AHMVWJBGX9_8,Hellman IBD Study,SUB15236283,WGS,METAGENOMIC,size fractionation,paired,ILLUMINA,NextSeq 500,Nextera XT,fastq,IBD_533_R1.fastq.gz,IBD_533_R2.fastq.gz,,,,
IBD_UCC0621241_Supernatant,AHMVWJBGX9_8,Hellman IBD Study,SUB15236283,WGS,METAGENOMIC,size fractionation,paired,ILLUMINA,NextSeq 500,Nextera XT,fastq,IBD_UCC0621241_Supernatant_R1.fastq.gz,IBD_UCC0621241_Supernatant_R2.fastq.gz,,,,
IBD048,AHMVWJBGX9_8,Hellman IBD Study,SUB15236283,WGS,METAGENOMIC,size fractionation,paired,ILLUMINA,NextSeq 500,Nextera XT,fastq,IBD048_R1.fastq.gz,IBD048_R2.fastq.gz,,,,
IBD289,AHMVWJBGX9_8,Hellman IBD Study,SUB15236283,WGS,METAGENOMIC,size fractionation,paired,ILLUMINA,NextSeq 500,Nextera XT,fastq,IBD289_R1.fastq.gz,IBD289_R2.fastq.gz,,,,
IBD290,AHMVWJBGX9_8,Hellman IBD Study,SUB15236283,WGS,METAGENOMIC,size fractionation,paired,ILLUMINA,NextSeq 500,Nextera XT,fastq,IBD290_R1.fastq.gz,IBD290_R2.fastq.gz,,,,
IBD334,AHMVWJBGX9_8,Hellman IBD Study,SUB15236283,WGS,METAGENOMIC,size fractionation,paired,ILLUMINA,NextSeq 500,Nextera XT,fastq,IBD334_R1.fastq.gz,IBD334_R2.fastq.gz,,,,
IBD405,AHMVWJBGX9_8,Hellman IBD Study,SUB15236283,WGS,METAGENOMIC,size fractionation,paired,ILLUMINA,NextSeq 500,Nextera XT,fastq,IBD405_R1.fastq.gz,IBD405_R2.fastq.gz,,,,
IBD423,AHMVWJBGX9_8,Hellman IBD Study,SUB15236283,WGS,METAGENOMIC,size fractionation,paired,ILLUMINA,NextSeq 500,Nextera XT,fastq,IBD423_R1.fastq.gz,IBD423_R2.fastq.gz,,,,
IBD527,AHMVWJBGX9_8,Hellman IBD Study,SUB15236283,WGS,METAGENOMIC,size fractionation,paired,ILLUMINA,NextSeq 500,Nextera XT,fastq,IBD527_R1.fastq.gz,IBD527_R2.fastq.gz,,,,
IBD528,AHMVWJBGX9_8,Hellman IBD Study,SUB15236283,WGS,METAGENOMIC,size fractionation,paired,ILLUMINA,NextSeq 500,Nextera XT,fastq,IBD528_R1.fastq.gz,IBD528_R2.fastq.gz,,,,
IBD531,AHMVWJBGX9_8,Hellman IBD Study,SUB15236283,WGS,METAGENOMIC,size fractionation,paired,ILLUMINA,NextSeq 500,Nextera XT,fastq,IBD531_R1.fastq.gz,IBD531_R2.fastq.gz,,,,
IBD535,AHMVWJBGX9_8,Hellman IBD Study,SUB15236283,WGS,METAGENOMIC,size fractionation,paired,ILLUMINA,NextSeq 500,Nextera XT,fastq,IBD535_R1.fastq.gz,IBD535_R2.fastq.gz,,,,
IBD538,AHMVWJBGX9_8,Hellman IBD Study,SUB15236283,WGS,METAGENOMIC,size fractionation,paired,ILLUMINA,NextSeq 500,Nextera XT,fastq,IBD538_R1.fastq.gz,IBD538_R2.fastq.gz,,,,
IBD548,AHMVWJBGX9_8,Hellman IBD Study,SUB15236283,WGS,METAGENOMIC,size fractionation,paired,ILLUMINA,NextSeq 500,Nextera XT,fastq,IBD548_R1.fastq.gz,IBD548_R2.fastq.gz,,,,
IBD559,AHMVWJBGX9_8,Hellman IBD Study,SUB15236283,WGS,METAGENOMIC,size fractionation,paired,ILLUMINA,NextSeq 500,Nextera XT,fastq,IBD559_R1.fastq.gz,IBD559_R2.fastq.gz,,,,
